Country Name,Country Code,Indicator Name,Indicator Code,1991,1992,1993,1994,1995,1996,1997,1998,1999,2000,2001,2002,2003,2004,2005,2006,2007,2008,2009,2010,2011,2012,2013,2014,2015,2016
Aruba,ABW,GDP (current US$),NY.GDP.MKTP.CD,872138715.1,958463184.4,1082979721,1245688268,1320474860,1379960894,1531944134,1665100559,1722798883,1873452514,1920111732,1941340782,2021229050,2228491620,2330726257,2424581006,2615083799,2745251397,2498882682,2390502793,2549720670,2534636872,2701675978,2765363128,2919553073,2965921788
Afghanistan,AFG,GDP (current US$),NY.GDP.MKTP.CD,,,,,,,,,,,,4055179566,4515558808,5226778809,6209137625,6971285595,9747879532,10109225814,12439087077,15856574731,17804292964,20001598506,20561069558,20484885120,19907111419,19362642267
Angola,AGO,GDP (current US$),NY.GDP.MKTP.CD,10603784541,8307810974,5768720422,4438321017,5538749260,7526446606,7648377413,6506229607,6152922943,9129594819,8936063723,15285594828,17812705294,23552052408,36970918699,52381006892,65266452081,88538611205,70307163678,83799496611,1.1179E+11,1.28053E+11,1.3671E+11,1.45712E+11,1.16194E+11,1.01124E+11
Albania,ALB,GDP (current US$),NY.GDP.MKTP.CD,1099559028,652174990.8,1185315468,1880951520,2392764853,3199642580,2258515610,2545967253,3212119044,3480355189,3922099471,4348070165,5611492283,7184681399,8052075642,8896073938,10677321490,12881354104,12044223353,11926928506,12890765324,12319830252,12776217195,13228144008,11386846319,11861200797
Andorra,AND,GDP (current US$),NY.GDP.MKTP.CD,1106928583,1210013652,1007025755,1017549124,1178738991,1223945357,1180597273,1211932398,1239876305,1429049198,1546926174,1755910032,2361726862,2894921778,3159905484,3456442103,3952600602,4085630584,3674409558,3449966857,3629203786,3188808943,3193704343,3271808157,2789870188,2896679212
Arab World,ARB,GDP (current US$),NY.GDP.MKTP.CD,4.41365E+11,4.7248E+11,4.77835E+11,4.88405E+11,5.24727E+11,5.79211E+11,6.14231E+11,5.92475E+11,6.44771E+11,7.3581E+11,7.2404E+11,7.29796E+11,8.23993E+11,9.6505E+11,1.1861E+12,1.40583E+12,1.63941E+12,2.07991E+12,1.79434E+12,2.10602E+12,2.49406E+12,2.77288E+12,2.85531E+12,2.89281E+12,2.52969E+12,2.46343E+12
United Arab Emirates,ARE,GDP (current US$),NY.GDP.MKTP.CD,51552165622,54239171888,55625170253,59305093980,65743666576,73571233996,78839008445,75674336283,84445473111,1.04337E+11,1.03312E+11,1.09816E+11,1.24346E+11,1.47824E+11,1.80617E+11,2.22117E+11,2.57916E+11,3.15475E+11,2.53547E+11,2.89787E+11,3.50666E+11,3.74591E+11,3.90108E+11,4.03137E+11,3.58135E+11,3.57045E+11
Argentina,ARG,GDP (current US$),NY.GDP.MKTP.CD,1.8972E+11,2.28789E+11,2.36742E+11,2.5744E+11,2.58032E+11,2.7215E+11,2.92859E+11,2.98948E+11,2.83523E+11,2.84204E+11,2.68697E+11,97724004252,1.27587E+11,1.64658E+11,1.98737E+11,2.32557E+11,2.87531E+11,3.61558E+11,3.32976E+11,4.23627E+11,5.30163E+11,5.45982E+11,5.52025E+11,5.2632E+11,5.94749E+11,5.57531E+11
Armenia,ARM,GDP (current US$),NY.GDP.MKTP.CD,2068526522,1272577456,1201313201,1315158670,1468317350,1596968913,1639492424,1893726437,1845482181,1911563665,2118467913,2376335048,2807061009,3576615240,4900469950,6384451606,9206301700,11662040714,8647936748,9260284938,10142111334,10619320049,11121465767,11609512940,10553337673,10546135160
American Samoa,ASM,GDP (current US$),NY.GDP.MKTP.CD,,,,,,,,,,,,514000000,527000000,512000000,503000000,496000000,520000000,563000000,678000000,576000000,574000000,644000000,641000000,642000000,661000000,652000000
Antigua and Barbuda,ATG,GDP (current US$),NY.GDP.MKTP.CD,481706333.3,499281148.1,535172777.8,589429592.6,577280740.7,633730629.6,680617111.1,727860592.6,766198925.9,830158777.8,800740259.3,814615333.3,855643111.1,919577148.1,1022191296,1157005444,1311401333,1368431037,1224253000,1148700000,1137637037,1199948148,1181448148,1249733333,1336692593,1436585185
Australia,AUS,GDP (current US$),NY.GDP.MKTP.CD,3.2531E+11,3.24879E+11,3.11544E+11,3.22212E+11,3.67216E+11,4.00303E+11,4.34568E+11,3.98899E+11,3.88608E+11,4.15223E+11,3.78376E+11,3.94649E+11,4.66488E+11,6.1249E+11,6.93408E+11,7.46054E+11,8.531E+11,1.054E+12,9.27805E+11,1.14614E+12,1.39665E+12,1.54615E+12,1.57618E+12,1.46748E+12,1.35169E+12,1.20885E+12
Austria,AUT,GDP (current US$),NY.GDP.MKTP.CD,1.73794E+11,1.95078E+11,1.9038E+11,2.03535E+11,2.41038E+11,2.37251E+11,2.1279E+11,2.1826E+11,2.17186E+11,1.968E+11,1.97338E+11,2.13378E+11,2.61696E+11,3.00904E+11,3.15974E+11,3.35999E+11,3.88691E+11,4.30294E+11,4.00172E+11,3.91893E+11,4.3112E+11,4.09425E+11,4.30069E+11,4.41996E+11,3.81818E+11,3.95228E+11
Azerbaijan,AZE,GDP (current US$),NY.GDP.MKTP.CD,8792365811,4991350458,3970953396,3313939554,3052467522,3176703092,3962735257,4446370371,4581246713,5272617196,5707720391,6235856820,7276013032,8680370408,13245716099,20982986344,33050343783,48852482960,44291490421,52902703376,65951627200,69683935845,74164435946,75244294275,53074370486,37867518957
Burundi,BDI,GDP (current US$),NY.GDP.MKTP.CD,1167398478,1083037671,938632612,925030590.2,1000428394,869033856.3,972896267.9,893770806.1,808077223.4,870486065.9,876794723.1,825394490.2,784654423.6,915257323.4,1117113046,1273375020,1356199365,1611835902,1781455092,2032135247,2235820868,2333308099,2451625333,2705783272,3104394858,2959640987
Belgium,BEL,GDP (current US$),NY.GDP.MKTP.CD,2.10511E+11,2.34782E+11,2.24722E+11,2.44884E+11,2.88026E+11,2.79201E+11,2.52708E+11,2.58528E+11,2.58159E+11,2.36205E+11,2.36541E+11,2.57158E+11,3.17382E+11,3.68537E+11,3.85571E+11,4.07918E+11,4.70324E+11,5.15224E+11,4.81346E+11,4.80952E+11,5.22646E+11,4.96181E+11,5.21643E+11,5.34678E+11,4.6215E+11,4.75901E+11
Benin,BEN,GDP (current US$),NY.GDP.MKTP.CD,1986437860,1695315306,2274557914,1598075932,2169627251,2361116588,2268301538,2455092582,3676045653,3511248900,3663017700,4174634520,5337266688,6179176459,6565043460,7027863025,8158257572,9748276762,9699586794,9535344283,10693321954,11141358945,12517845732,13284528654,11388160958,11821066153
Burkina Faso,BFA,GDP (current US$),NY.GDP.MKTP.CD,3135045684,2240264712,2332018011,1895290965,2379518099,2586550747,2447669404,2804902724,3364819317,2956746304,3187582125,3605329547,4730140785,5441918269,6143909201,6541603851,7615651314,9413335567,9412813382,10109618964,12080296644,12561016091,13444301139,13943016924,11832159276,12822558022
Bangladesh,BGD,GDP (current US$),NY.GDP.MKTP.CD,30957483950,31708874594,33166519418,33768660883,37939748769,46438484108,48244309133,49984559471,51270569884,53369787319,53991289844,54724081491,60158929188,65108544250,69442943089,71819083684,79611888213,91631278239,1.02478E+11,1.15279E+11,1.28638E+11,1.33356E+11,1.4999E+11,1.72885E+11,1.95079E+11,2.21415E+11
Bulgaria,BGR,GDP (current US$),NY.GDP.MKTP.CD,10943548387,10350515464,10829710145,9697416974,18983303571,12294221473,11315986087,15030695297,13627323285,13245833844,14183497963,16402846413,21144983552,26157894737,29869283400,34379808889,44405101470,54438966420,51999181062,50363282117,57363610380,54013812089,55591336862,56883172568,50630703922,53785050339
Bahrain,BHR,GDP (current US$),NY.GDP.MKTP.CD,4616223404,4751063830,5200265957,5567553457,5849467819,6101861436,6349202394,6183776596,6621010372,9062898936,8976196809,9593510638,11074813830,13150159574,15968723404,18504760638,21730000000,25710904255,22938218085,25713271277,28776595745,30749308511,32539468085,33387712766,31125851064,32250132979
"Bahamas, The",BHS,GDP (current US$),NY.GDP.MKTP.CD,3111160000,3109000000,3092000000,3259000000,3429000000,3609000000,6332360000,6833220000,7683870000,8076470000,8317830000,8881160000,8870090000,9055290000,9836200000,10167250000,10618340000,10526000000,9981960000,10095760000,10070450000,10720500000,10562700000,10913300000,11752300000,11938400000
Bosnia and Herzegovina,BIH,GDP (current US$),NY.GDP.MKTP.CD,,,,1255802469,1866572954,2786045322,3671816504,4116699437,4685733115,5505887894,5748993411,6651106833,8369878823,10596205714,11222953519,12864610994,15778767670,19112739664,17613836210,17176781337,18644723861,17226849297,18178503835,18558343508,16211541253,16913330694
Belarus,BLR,GDP (current US$),NY.GDP.MKTP.CD,18000000000,17037037037,16280991736,14932024169,13972676841,14756846154,14128408566,15222012660,12138486532,12736856828,12354820144,14594249023,17827791321,23144351852,30207567317,36954312354,45277399814,60763483146,50874078052,57222490769,61757788945,65685102555,75527984234,78813839984,56454734397,47722657821
Belize,BLZ,GDP (current US$),NY.GDP.MKTP.CD,444720750,518239100,559858250,580863700,620140400,641383800,654314350,688992450,732732350,832050000,868350000,925050000,983500000,1051350000,1102050000,1210150000,1271600000,1351350000,1317300000,1377200000,1460800000,1522900000,1579400000,1662800000,1723800000,1775100000
Bermuda,BMU,GDP (current US$),NY.GDP.MKTP.CD,1634899968,1679900032,1820359936,1867160064,2030749952,2695390000,2932827000,3130748000,3324433000,3480219000,3680483000,3937228000,4186525000,4484703000,4868136000,5414299000,5895048000,6109928000,5806378000,5744414000,5550771000,5537537000,5573710000,,,
Bolivia,BOL,GDP (current US$),NY.GDP.MKTP.CD,5343274312,5643893347,5734676561,5981244887,6715220507,7396966657,7925673448,8497545598,8285075872,8397912509,8141537938,7905485216,8082364868,8773451739,9549077869,11451869165,13120183157,16674324634,17339992165,19649631451,23963033588,27084497540,30659338784,32996188133,33000198263,33941126194
Brazil,BRA,GDP (current US$),NY.GDP.MKTP.CD,6.0286E+11,4.00599E+11,4.37799E+11,5.58112E+11,7.69305E+11,8.50426E+11,8.832E+11,8.63723E+11,5.99389E+11,6.55421E+11,5.59372E+11,5.07962E+11,5.5832E+11,6.69317E+11,8.9163E+11,1.10764E+12,1.39708E+12,1.69582E+12,1.66702E+12,2.20887E+12,2.6162E+12,2.46519E+12,2.47281E+12,2.45599E+12,1.80221E+12,1.7957E+12
Barbados,BRB,GDP (current US$),NY.GDP.MKTP.CD,2020583702,1957000000,2063342117,2151344901,2216974096,2363645403,2498384130,2817083478,2951822205,3059500000,3054500000,3106500000,3209500000,3444500000,3819500000,4217500000,4674000000,4785000000,4465500000,4530000000,4657500000,4610000000,4677000000,4696500000,4715000000,4830000000
Brunei Darussalam,BRN,GDP (current US$),NY.GDP.MKTP.CD,3701667053,4183548189,4105706152,4087337960,4734020037,5115602837,5197332974,4051147228,4600000000,6001153306,5601090584,5843329108,6557333085,7872333215,9531402848,11470703002,12247694247,14393099069,10732366286,13707370737,18525319978,19047940300,18093829923,17098342541,12930394938,11400854268
Bhutan,BTN,GDP (current US$),NY.GDP.MKTP.CD,250045839.9,250794359.6,235239570.4,270801565.2,303053462.8,316420860.9,365964500.1,376955087.3,419035810.5,424464089.9,461444513.7,520849551.5,604041957.9,682523857,796938120.2,874989895.6,1168308517,1227808791,1234014292,1547991318,1777101317,1781281282,1756215665,1907090813,2003598213,2158972129
Botswana,BWA,GDP (current US$),NY.GDP.MKTP.CD,3942792837,4146513722,4160086253,4259330999,4730611067,4847752843,5020214747,4790458837,5484257417,5788329609,5489608300,5438857107,7511582173,8957467707,9931134941,10126940513,10939053365,10945070442,10267133178,12786654366,15351972230,14420393564,14901750765,16250750259,14420604206,15646316818
Central African Republic,CAF,GDP (current US$),NY.GDP.MKTP.CD,1377375031,1411917558,1278781167,851174350.6,1115389732,1007791186,937741468,967338348.7,999477510.7,914500299.1,931833302.8,991387870.1,1139754799,1270080251,1337362392,1460561215,1697565949,1985240986,2059094048,2142591376,2437982840,2510126699,1691544192,1894813505,1695825708,1825018191
Canada,CAN,GDP (current US$),NY.GDP.MKTP.CD,6.10328E+11,5.92388E+11,5.77171E+11,5.78139E+11,6.04032E+11,6.28546E+11,6.52824E+11,6.31813E+11,6.76084E+11,7.42295E+11,7.3638E+11,7.57951E+11,8.92382E+11,1.0232E+12,1.16936E+12,1.31542E+12,1.46498E+12,1.54913E+12,1.37115E+12,1.61346E+12,1.78865E+12,1.82869E+12,1.84721E+12,1.80353E+12,1.55613E+12,1.52824E+12
Central Europe and the Baltics,CEB,GDP (current US$),NY.GDP.MKTP.CD,2.43337E+11,2.59363E+11,2.72828E+11,3.09014E+11,3.92506E+11,4.15078E+11,4.09198E+11,4.47832E+11,4.34057E+11,4.27549E+11,4.68028E+11,5.27286E+11,6.32943E+11,7.61846E+11,8.85219E+11,1.0015E+12,1.26497E+12,1.53061E+12,1.28835E+12,1.31321E+12,1.44691E+12,1.3528E+12,1.42276E+12,1.4657E+12,1.29007E+12,1.31756E+12
Switzerland,CHE,GDP (current US$),NY.GDP.MKTP.CD,2.61114E+11,2.71814E+11,2.64353E+11,2.92647E+11,3.42617E+11,3.30092E+11,2.86519E+11,2.95045E+11,2.89912E+11,2.72055E+11,2.78631E+11,3.01417E+11,3.52915E+11,3.94164E+11,4.08689E+11,4.30921E+11,4.79913E+11,5.54363E+11,5.41507E+11,5.83783E+11,6.9958E+11,6.68044E+11,6.88504E+11,7.09183E+11,6.79832E+11,6.71309E+11
Channel Islands,CHI,GDP (current US$),NY.GDP.MKTP.CD,,,,,,,,5945677377,6262740657,6439703435,6232906290,6663669065,7332244898,8553643354,8827272727,9676172953,11514605842,,,,,,,,,
Chile,CHL,GDP (current US$),NY.GDP.MKTP.CD,37834793730,45964327559,49297773130,57008425296,73447063319,78039572222,84952360922,81577430181,75173794497,77860932152,70979923960,69736811435,75643459840,99210392858,1.22965E+11,1.54788E+11,1.73606E+11,1.79638E+11,1.72389E+11,2.18538E+11,2.52252E+11,2.67122E+11,2.78384E+11,2.60542E+11,2.43919E+11,2.5044E+11
China,CHN,GDP (current US$),NY.GDP.MKTP.CD,3.83373E+11,4.26916E+11,4.44731E+11,5.64325E+11,7.34548E+11,8.63747E+11,9.61604E+11,1.02904E+12,1.094E+12,1.21135E+12,1.3394E+12,1.47055E+12,1.66029E+12,1.95535E+12,2.28597E+12,2.75213E+12,3.55034E+12,4.59431E+12,5.1017E+12,6.08716E+12,7.5515E+12,8.53223E+12,9.57041E+12,1.04757E+13,1.10616E+13,1.12333E+13
Cote d'Ivoire,CIV,GDP (current US$),NY.GDP.MKTP.CD,10492628915,11152971316,11045759469,8313557450,11000146839,12139234939,11722142706,12612033729,12376639823,10717022463,11192560827,12346919216,15306602560,16554441847,17084928927,17800887796,20343635320,24224903100,24277493862,24908781285,25414875503,26789047555,31273074528,35363533866,45814637971,47964234560
Cameroon,CMR,GDP (current US$),NY.GDP.MKTP.CD,12434370005,11396310990,15498179313,10600157684,9643953175,10513387442,10833497458,10612847429,11198378749,10083937740,10371327756,11579343088,14548845765,17430933517,17944084201,19356046328,22365265026,26409781215,26017925552,26169323293,29375448542,29102772799,32357345501,34989493826,30928653814,32643697596
"Congo, Dem. Rep.",COD,GDP (current US$),NY.GDP.MKTP.CD,9625436873,8227343907,10706259937,5820382248,5643439376,5771454940,6090840548,6215591270,4711259427,19088046306,7438189100,8728038525,8937567060,10297483481,11964484668,14451902468,16737071816,19788515874,18648373312,21565720044,25839749199,29306235826,32679745298,35909040266,37917704900,37134799975
"Congo, Rep.",COG,GDP (current US$),NY.GDP.MKTP.CD,2724853593,2933222714,1918970032,1769365425,2116003978,2540697688,2322718991,1949481297,2353909564,3219910550,2794259783,3019993739,3495868808,4648628921,6087003176,7731261311,8394688284,11859013281,9593537551,12019594809,14444509756,13677147848,14089855509,14196322768,8556594871,9041986778
Colombia,COL,GDP (current US$),NY.GDP.MKTP.CD,49175565911,58418985443,66446804803,81703500846,92507279383,97160109278,1.0666E+11,98443739941,86186158685,99886577331,98211751482,97963002599,94641380064,1.17082E+11,1.45619E+11,1.61619E+11,2.06182E+11,2.42187E+11,2.32398E+11,2.86563E+11,3.34944E+11,3.70921E+11,3.82116E+11,3.81112E+11,2.93482E+11,2.82825E+11
Comoros,COM,GDP (current US$),NY.GDP.MKTP.CD,424108796.6,457388578.9,452881443.1,319189200.4,398461789.6,396053797.6,364445589.7,370106776,382454989.9,350264287.7,378180913.4,423962976.7,545658929,632570092.2,653584808.7,697810988.1,794621676.5,911967428.7,901711442.3,907978723.5,1023086184,1015843369,1116224161,1149587652,966029542,1012835518
Cabo Verde,CPV,GDP (current US$),NY.GDP.MKTP.CD,319827058.6,357160985.3,490417389.7,406580652.3,487148993.5,501979069.3,490608657.9,521910560.5,592416703.1,539227277.6,563024383.3,620974660.2,813963830.2,924318490.8,971977088.2,1107891063,1513933983,1789333749,1711817182,1664310770,1865915544,1741809809,1850470042,1859898513,1596800287,1662998678
Costa Rica,CRI,GDP (current US$),NY.GDP.MKTP.CD,7168999670,8528593421,9537297723,10432619325,11513472786,11618286652,12552071488,13617405297,14195623343,14949514493,15913363441,16504795593,17196009811,18528955525,19948261084,22602721765,26743972564,30612927059,30562361123,37268614024,42262697840,46473128286,49745088112,50577769838,54775994479,57157992434
Caribbean small states,CSS,GDP (current US$),NY.GDP.MKTP.CD,17843522924,17570521376,18998042394,19981133734,22033816335,24055637180,28177580886,30105049029,31909169732,34214097415,35249481796,36982219228,39530782033,43258087269,48908549560,54720627529,60911443518,69201370935,58250029912,63364789294,68552917331,70849598299,72231768542,73185354885,71787351548,68222566249
Cuba,CUB,GDP (current US$),NY.GDP.MKTP.CD,24316556026,22085858243,22367254865,28448326757,30429803651,25017368700,25365908100,25736331200,28364615200,30565400000,31682400000,33590500000,35901200000,38203000000,42643836100,52742800000,58603900000,60806300000,62080000000,64328000000,68990000000,73141000000,77148000000,80656000000,87133000000,91370000000
Curacao,CUW,GDP (current US$),NY.GDP.MKTP.CD,,,,,,,,,,,,,,,,,,,,,3038699609,3131096089,3147616201,3158406034,3151910782,3122287933
Cayman Islands,CYM,GDP (current US$),NY.GDP.MKTP.CD,,,,,,,,,,,,,,,,4227798032,4466503540,4586172567,4281813033,4156935677,4186223809,4291159006,4405954638,4563017881,4708336733,4898908676
Cyprus,CYP,GDP (current US$),NY.GDP.MKTP.CD,5770197348,6912150456,6590291048,7425703929,9933133247,10011918444,9547818700,10248617647,10497908306,9985844486,10397897086,11420227885,14547325028,17320552500,18433411267,20072786351,23968764030,27844698989,25945391775,25732432719,27565469098,24978513427,23900872626,23128114787,19779150116,20890936462
Czech Republic,CZE,GDP (current US$),NY.GDP.MKTP.CD,29675502270,34590052812,40614350197,47554674591,59775697061,66985765439,61792161168,66490372105,64867483193,61649492817,67523642262,81910771994,99627140274,1.19162E+11,1.36281E+11,1.55464E+11,1.89227E+11,2.35719E+11,2.0618E+11,2.07478E+11,2.27948E+11,2.07376E+11,2.09402E+11,2.07818E+11,1.8683E+11,1.9509E+11
Germany,DEU,GDP (current US$),NY.GDP.MKTP.CD,1.86895E+12,2.13157E+12,2.07132E+12,2.20507E+12,2.58579E+12,2.49724E+12,2.21199E+12,2.23899E+12,2.1942E+12,1.94315E+12,1.94411E+12,2.06862E+12,2.49613E+12,2.80919E+12,2.8458E+12,2.9922E+12,3.42123E+12,3.73003E+12,3.39779E+12,3.39635E+12,3.74441E+12,3.52734E+12,3.73274E+12,3.88392E+12,3.36055E+12,3.46679E+12
Djibouti,DJI,GDP (current US$),NY.GDP.MKTP.CD,462421998.5,478058304.9,466048469.2,491689220.7,497723960.6,494004647.7,502675542,514267869.3,536080148.1,551230861.9,572417440.8,591122039.6,622044665.5,666072101.8,708633194.7,768873684,847918929.1,999105339.3,1049110685,1128611700,1239144502,1353632942,2042817163,2214681574,2430287967,2603554907
Dominica,DMA,GDP (current US$),NY.GDP.MKTP.CD,219763222.2,234058259.3,245527592.6,264375666.7,274522148.1,292286000,302989185.2,322409851.9,331759000,333468888.9,340205074.1,333195185.2,343310666.7,367199111.1,364255074.1,390250148.1,421375851.9,458190185.2,489074333.3,493825925.9,501025925.9,485996296.3,498296296.3,520207407.4,540737037,576229629.6
Denmark,DNK,GDP (current US$),NY.GDP.MKTP.CD,1.39225E+11,1.52916E+11,1.43196E+11,1.56162E+11,1.85007E+11,1.87632E+11,1.73538E+11,1.76992E+11,1.77965E+11,1.64159E+11,1.64791E+11,1.78635E+11,2.18096E+11,2.51373E+11,2.64467E+11,2.82885E+11,3.19423E+11,3.53361E+11,3.21241E+11,3.21995E+11,3.44003E+11,3.27149E+11,3.43584E+11,3.52994E+11,3.02673E+11,3.13116E+11
Dominican Republic,DOM,GDP (current US$),NY.GDP.MKTP.CD,9734321854,11356271336,13081042400,14664237667,16598679279,18241691857,20017908829,21672526563,22137599986,24305116729,25599311449,27362875603,21642882856,22692574473,36119047252,38116351526,43965420072,48122547177,48261033298,53860175556,58029750746,60681537196,62682163837,67179914027,71164825257,75704720190
Algeria,DZA,GDP (current US$),NY.GDP.MKTP.CD,45715367087,48003298223,49946455211,42542571306,41764052458,46941496780,48177862502,48187747529,48640610449,54788732394,54745839539,56760623478,67864849150,85324767230,1.03198E+11,1.17025E+11,1.34977E+11,1.71001E+11,1.37211E+11,1.61208E+11,2.00019E+11,2.0906E+11,2.09755E+11,2.13809E+11,1.65979E+11,1.60034E+11
East Asia & Pacific (excluding high income),EAP,GDP (current US$),NY.GDP.MKTP.CD,7.19497E+11,8.06272E+11,8.85158E+11,1.06478E+12,1.31421E+12,1.5095E+12,1.56354E+12,1.43304E+12,1.57636E+12,1.73775E+12,1.84877E+12,2.04618E+12,2.31581E+12,2.6851E+12,3.11007E+12,3.74555E+12,4.73519E+12,5.99068E+12,6.49602E+12,7.87461E+12,9.62017E+12,1.07275E+13,1.18355E+13,1.27615E+13,1.32944E+13,1.35756E+13
Early-demographic dividend,EAR,GDP (current US$),NY.GDP.MKTP.CD,1.92725E+12,2.11513E+12,2.3164E+12,2.42906E+12,2.49428E+12,2.71654E+12,2.90527E+12,2.87133E+12,3.03848E+12,3.3062E+12,3.27308E+12,3.17938E+12,3.53658E+12,4.10823E+12,4.78856E+12,5.47677E+12,6.49446E+12,7.32173E+12,7.04828E+12,8.5636E+12,9.60067E+12,1.00682E+13,1.02451E+13,1.06068E+13,1.0295E+13,1.05327E+13
East Asia & Pacific,EAS,GDP (current US$),NY.GDP.MKTP.CD,5.34775E+12,5.84294E+12,6.53513E+12,7.30895E+12,8.30627E+12,8.00416E+12,7.65932E+12,6.86559E+12,7.66769E+12,8.29774E+12,7.71872E+12,7.84483E+12,8.62666E+12,9.67745E+12,1.03323E+13,1.09603E+13,1.22628E+13,1.4148E+13,1.45722E+13,1.69886E+13,1.96873E+13,2.10719E+13,2.13184E+13,2.2002E+13,2.19115E+13,2.26584E+13
Europe & Central Asia (excluding high income),ECA,GDP (current US$),NY.GDP.MKTP.CD,8.72303E+11,8.03999E+11,7.88215E+11,6.76998E+11,7.23131E+11,7.30192E+11,7.62254E+11,7.06112E+11,5.91958E+11,6.6112E+11,6.53622E+11,7.4836E+11,9.43611E+11,1.25145E+12,1.58256E+12,1.94187E+12,2.49822E+12,3.09646E+12,2.42933E+12,2.93985E+12,3.65397E+12,3.89748E+12,4.13177E+12,3.837E+12,2.91208E+12,2.76718E+12
Europe & Central Asia,ECS,GDP (current US$),NY.GDP.MKTP.CD,9.1297E+12,9.79065E+12,8.99238E+12,9.40241E+12,1.08562E+13,1.10787E+13,1.05103E+13,1.07804E+13,1.06582E+13,1.00304E+13,1.01409E+13,1.10863E+13,1.3497E+13,1.57336E+13,1.67515E+13,1.81411E+13,2.11954E+13,2.32671E+13,2.04653E+13,2.09592E+13,2.32415E+13,2.24058E+13,2.34141E+13,2.37343E+13,2.04477E+13,2.03785E+13
Ecuador,ECU,GDP (current US$),NY.GDP.MKTP.CD,16988535268,18094238119,18938717359,22708673337,24432884442,25226393197,28162053027,27981896948,19645272636,18327764882,24468324000,28548945000,32432858000,36591661000,41507085000,46802044000,51007777000,61762635000,62519686000,69555367000,79276664000,87924544000,95129659000,1.01726E+11,99290381000,99937696000
"Egypt, Arab Rep.",EGY,GDP (current US$),NY.GDP.MKTP.CD,37387836491,41855986519,46578631453,51897983393,60159245060,67629716981,78436578171,84828807556,90710704807,99838543960,97632008710,87850683979,82924503943,78845185293,89685725230,1.07484E+11,1.30479E+11,1.62818E+11,1.88982E+11,2.18888E+11,2.36002E+11,2.79373E+11,2.88586E+11,3.0553E+11,3.32698E+11,3.32928E+11
Euro area,EMU,GDP (current US$),NY.GDP.MKTP.CD,6.11085E+12,6.74048E+12,6.16911E+12,6.51304E+12,7.51623E+12,7.60529E+12,6.95229E+12,7.14909E+12,7.11397E+12,6.47948E+12,6.59042E+12,7.16615E+12,8.84285E+12,1.01414E+13,1.05191E+13,1.11743E+13,1.28623E+13,1.4099E+13,1.28856E+13,1.26282E+13,1.36227E+13,1.26389E+13,1.31895E+13,1.34902E+13,1.16721E+13,1.19653E+13
Eritrea,ERI,GDP (current US$),NY.GDP.MKTP.CD,,477101651.6,467872714.8,531688311.7,578015625,693535954.2,686490090.1,745526154.9,688921325.7,706370815.6,752368495.5,729321366.7,870247703.2,1109054005,1098425901,1211161880,1317974491,1380188800,1856695551,1589515447,2065001626,,,,,
Spain,ESP,GDP (current US$),NY.GDP.MKTP.CD,5.77166E+11,6.30916E+11,5.25076E+11,5.30563E+11,6.14609E+11,6.42589E+11,5.90077E+11,6.19215E+11,6.34693E+11,5.96878E+11,6.27287E+11,7.05394E+11,9.05492E+11,1.06709E+12,1.15329E+12,1.25934E+12,1.47213E+12,1.62522E+12,1.48558E+12,1.42072E+12,1.47877E+12,1.32482E+12,1.35476E+12,1.3694E+12,1.19512E+12,1.23208E+12
Estonia,EST,GDP (current US$),NY.GDP.MKTP.CD,,,4006982535,4116735207,4497823918,4780169853,5147711226,5665917232,5762048126,5694069842,6259258258,7372457191,9877636518,12144397516,14098326328,17012321791,22445582946,24371299985,19744110447,19693608687,23391529311,23192709239,25271407239,26773472962,23048864243,23996451498
Ethiopia,ETH,GDP (current US$),NY.GDP.MKTP.CD,13463868357,10492993078,8830712714,6927950565,7663984568,8547939731,8589211390,7818224906,7700833482,8242392104,8231326016,7850809498,8623691300,10131187261,12401139454,15280861835,19707616773,27066912635,32437389116,29933790334,31952763089,43310721414,47648211133,55612228234,64589334979,74296618481
European Union,EUU,GDP (current US$),NY.GDP.MKTP.CD,6.73237E+12,7.40079E+12,6.75741E+12,7.15883E+12,8.29572E+12,8.43119E+12,7.73292E+12,7.96867E+12,7.92265E+12,7.2594E+12,7.38716E+12,8.04912E+12,9.91136E+12,1.13988E+13,1.19049E+13,1.27029E+13,1.47104E+13,1.62368E+13,1.47089E+13,1.45404E+13,1.57418E+13,1.46362E+13,1.52936E+13,1.56331E+13,1.35469E+13,1.38826E+13
Fragile and conflict affected situations,FCS,GDP (current US$),NY.GDP.MKTP.CD,2.69113E+11,2.6768E+11,2.48898E+11,2.40141E+11,2.78063E+11,2.88505E+11,3.22021E+11,3.23817E+11,3.50351E+11,4.08881E+11,4.04595E+11,3.88622E+11,4.14496E+11,5.15812E+11,6.45128E+11,8.02385E+11,9.76669E+11,1.25979E+12,1.18759E+12,1.42849E+12,1.4519E+12,1.67156E+12,1.75858E+12,1.93481E+12,1.71043E+12,1.53082E+12
Finland,FIN,GDP (current US$),NY.GDP.MKTP.CD,1.27774E+11,1.12533E+11,89214114708,1.033E+11,1.3419E+11,1.32129E+11,1.26912E+11,1.34039E+11,1.35218E+11,1.25707E+11,1.29421E+11,1.39738E+11,1.71274E+11,1.97117E+11,2.04809E+11,2.16908E+11,2.56053E+11,2.84554E+11,2.52497E+11,2.49181E+11,2.75244E+11,2.58305E+11,2.71285E+11,2.74497E+11,2.3444E+11,2.40608E+11
Fiji,FJI,GDP (current US$),NY.GDP.MKTP.CD,1383843860,1531803061,1635426125,1825285158,1970347721,2129266728,2093994597,1656784780,1942170999,1684109743,1660102346,1842691481,2315935753,2727507213,3006725015,3102741451,3405050612,3523185920,2870624636,3140508836,3774530616,3972012571,4190143206,4856963230,4682546863,4930204230
France,FRA,GDP (current US$),NY.GDP.MKTP.CD,1.26928E+12,1.40147E+12,1.32282E+12,1.39398E+12,1.60109E+12,1.60568E+12,1.45288E+12,1.50311E+12,1.49265E+12,1.36225E+12,1.37647E+12,1.49429E+12,1.84048E+12,2.11574E+12,2.19613E+12,2.31859E+12,2.65721E+12,2.91838E+12,2.69022E+12,2.64261E+12,2.86141E+12,2.68383E+12,2.81108E+12,2.85217E+12,2.43821E+12,2.47129E+12
Faroe Islands,FRO,GDP (current US$),NY.GDP.MKTP.CD,,,,,,,,1107882641,1120280382,1058702725,1147654635,1262669892,1494011567,1688237552,1727792693,1984445416,2290133549,2432415998,2268387771,2320424601,2490807831,2366301252,2627049837,2850743875,2518096286,2689157271
"Micronesia, Fed. Sts.",FSM,GDP (current US$),NY.GDP.MKTP.CD,166200000,178100000,198400000,202500000,221575300,218534700,206626300,218873100,220140500,233271800,240970900,242517200,245432900,240236000,250281900,253541900,256787200,263145100,280284600,296944100,311301600,327248700,317214400,319271200,316489900,332265200
Gabon,GAB,GDP (current US$),NY.GDP.MKTP.CD,5402919957,5592390849,4378645081,4190819314,4958845906,5694040337,5326816859,4483417120,4662992036,5067865321,5018874179,5310381151,6497305662,7756293575,9578973591,10318424464,12438956756,15508574820,12065138273,14372591916,18210308748,17170465294,17595745653,18203968002,14383107714,14023890620
United Kingdom,GBR,GDP (current US$),NY.GDP.MKTP.CD,1.1428E+12,1.17966E+12,1.06139E+12,1.14049E+12,1.34158E+12,1.41536E+12,1.55908E+12,1.65017E+12,1.6824E+12,1.65782E+12,1.64025E+12,1.78447E+12,2.05302E+12,2.41693E+12,2.53868E+12,2.71375E+12,3.10088E+12,2.92267E+12,2.41091E+12,2.47524E+12,2.65931E+12,2.70489E+12,2.78602E+12,3.0638E+12,2.92859E+12,2.69428E+12
Georgia,GEO,GDP (current US$),NY.GDP.MKTP.CD,6357615894,3690328964,2701181331,2513870587,2693731866,3094935187,3510520231,3613498175,2800026339,3057475289,3219488664,3395728014,3991284895,5125365192,6410823633,7745394293,10172882371,12795076469,10766836277,12243505583,15107441447,16488403076,17189551521,17627003455,14953950557,15141758567
Ghana,GHA,GDP (current US$),NY.GDP.MKTP.CD,6596546196,6413901602,5966255778,5444560669,6465137615,6934984709,6891308594,7480968858,7719354839,4983024408,5314909954,6166330136,7632406553,8881368538,10731634117,20409668522,24758819718,28526891010,25977847814,32197272797,39337314810,41270954737,62405374786,53660342160,48564863888,55009730600
Gibraltar,GIB,GDP (current US$),NY.GDP.MKTP.CD,,,,,,,,,,,,,,,,,,,,,,,,,,
Guinea,GIN,GDP (current US$),NY.GDP.MKTP.CD,3014890569,3284625277,3279063318,3383218923,3693753379,3869032271,3783788551,3588376057,3461282294,2995360969,2833442750,2949637039,3446442219,3666349049,2937071767,4220019243,6281917656,6964179194,6716904569,6853467858,6785137173,7638045254,8376613843,8778473615,8794202444,8603884845
"Gambia, The",GMB,GDP (current US$),NY.GDP.MKTP.CD,690314321.4,714255460.5,755042548.1,746491692.6,785996982.5,848237108.6,803630742.5,840285264.6,814723460.1,782915402.4,687408804.6,578236035.1,487038821.6,961900106.9,1027702254,1054113427,1279704745,1561763437,1450140386,1543292393,1409694554,1415006238,1375608956,1229460602,1354788659,1470006034
Guinea-Bissau,GNB,GDP (current US$),NY.GDP.MKTP.CD,257150374.1,226313443.7,236880821.7,235620043.5,253966922.3,270419779.4,268550998.2,206457544.5,224446663.8,370173838.7,392278168.2,415843482,476388260.6,531109356.2,586795675.4,591839470.7,695990208.4,864654795.3,826798659.8,849050127.5,1098379392,989327811.8,1045790133,1053512334,1047808175,1178204501
Equatorial Guinea,GNQ,GDP (current US$),NY.GDP.MKTP.CD,110906032.1,134707184.4,136047896.2,100807001.8,141853368.3,232463036.4,442337849.5,370687618.7,621117885.7,1045998496,1461139022,1806742742,2484745935,4410764339,8217369093,10086528699,13071718759,19749893536,15027795173,16314442183,21357344847,22388345810,21948835350,21765454404,13185496836,11240809132
Greece,GRC,GDP (current US$),NY.GDP.MKTP.CD,1.05143E+11,1.16225E+11,1.08809E+11,1.16602E+11,1.36878E+11,1.45862E+11,1.43158E+11,1.44428E+11,1.42541E+11,1.30134E+11,1.36191E+11,1.53831E+11,2.01924E+11,2.40521E+11,2.47783E+11,2.73318E+11,3.18498E+11,3.54461E+11,3.3E+11,2.99362E+11,2.87798E+11,2.45671E+11,2.39862E+11,2.3703E+11,1.96591E+11,1.95222E+11
Grenada,GRD,GDP (current US$),NY.GDP.MKTP.CD,300757888.9,310160444.4,309812185.2,325111814.8,342172518.5,366911444.4,392190592.6,445903592.6,482009370.4,520044370.4,520444185.2,540336925.9,591018407.4,599118592.6,695370296.3,698700666.7,758683592.6,825976037,771275555.6,771013259.3,778655925.9,799882259.3,842620111.1,911497407.4,997007925.9,1061631222
Greenland,GRL,GDP (current US$),NY.GDP.MKTP.CD,1016493395,1037921837,927219728.9,1005879948,1208946166,1197509787,1072147778,1149862703,1131561595,1068030830,1086172923,1169138789,1558753434,1822486689,1849805733,2013099482,2249811709,2499107511,2529948330,2503156061,2684467376,2609667674,2684952727,2842048998,2499115623,2707146783
Guatemala,GTM,GDP (current US$),NY.GDP.MKTP.CD,9406097735,10440842165,11399942453,12983235568,14655404433,15674835615,17790026222,19395491993,18318412251,19288827159,18702802522,20776403774,21917430694,23965275794,27211377107,30231249625,34113107372,39136436614,37733609795,41338008613,47654783852,50388460925,52996540576,57852399834,62186186576,66053725049
Guam,GUM,GDP (current US$),NY.GDP.MKTP.CD,,,,,,,,,,,,3385000000,3560000000,3857000000,4197000000,4213000000,4375000000,4621000000,4781000000,4895000000,4928000000,5199000000,5336000000,5538000000,5710000000,5795000000
Guyana,GUY,GDP (current US$),NY.GDP.MKTP.CD,348533094.8,373573141.5,454101382.5,540874934.2,621626785.9,705406001.4,749138009.6,717530683.2,694754988.3,712667896.7,712167575.6,726131434.7,743064076.8,787814379.2,824880550.3,1458453715,1740180444,1916994912,2061323854,2273225042,2576024116,2861562266,2987684170,3077643314,3197220339,3504024213
High income,HIC,GDP (current US$),NY.GDP.MKTP.CD,2.00547E+13,2.15737E+13,2.17409E+13,2.33158E+13,2.59035E+13,2.61324E+13,2.56999E+13,2.58062E+13,2.71004E+13,2.76503E+13,2.73922E+13,2.85537E+13,3.20153E+13,3.56495E+13,3.77268E+13,3.98665E+13,4.36411E+13,4.6409E+13,4.3502E+13,4.55812E+13,4.92088E+13,4.92614E+13,4.98861E+13,5.09808E+13,4.81639E+13,4.91671E+13
"Hong Kong SAR, China",HKG,GDP (current US$),NY.GDP.MKTP.CD,88959620136,1.04272E+11,1.20354E+11,1.35812E+11,1.44653E+11,1.59717E+11,1.77353E+11,1.68886E+11,1.65768E+11,1.71668E+11,1.69403E+11,1.66349E+11,1.61385E+11,1.691E+11,1.8157E+11,1.93536E+11,2.11597E+11,2.1928E+11,2.14046E+11,2.28638E+11,2.48514E+11,2.62629E+11,2.75697E+11,2.91459E+11,3.09384E+11,3.20838E+11
Honduras,HND,GDP (current US$),NY.GDP.MKTP.CD,4648668479,4943700431,4926728933,4642280682,5347445005,5215028986,5737099650,6366340266,6414520530,7103507989,7565869928,7775078403,8140271081,8772146605,9672035709,10841742348,12275501784,13789715133,14587496229,15839344592,17710315006,18528601901,18499710128,19756494435,20979767785,21717622071
Heavily indebted poor countries (HIPC),HPC,GDP (current US$),NY.GDP.MKTP.CD,1.41366E+11,1.29469E+11,1.32991E+11,1.17458E+11,1.338E+11,1.40015E+11,1.46354E+11,1.53748E+11,1.54604E+11,1.65845E+11,1.58456E+11,1.70547E+11,1.94279E+11,2.23427E+11,2.54282E+11,3.02525E+11,3.61529E+11,4.36495E+11,4.42164E+11,4.86357E+11,5.3928E+11,5.69495E+11,6.36629E+11,6.72449E+11,6.66053E+11,6.62698E+11
Croatia,HRV,GDP (current US$),NY.GDP.MKTP.CD,,,,,22417412251,23710205734,23854819336,25466974683,23400452775,21669183469,23179763831,26815681492,34686502610,41594385430,45386774692,50454950478,60182902955,70288870870,62666199344,59807930156,62354273096,56494367810,58056933513,57642914304,49530641704,51596973259
Haiti,HTI,GDP (current US$),NY.GDP.MKTP.CD,3473540602,2257121668,1878248741,2167564195,2813313279,2907514523,3338938830,3723909227,4153736347,3953846311,3596443005,3472191962,2960306121,3537720277,4310358096,4756204070,5885325590,6548530572,6584649419,6622541529,7516834160,7890647022,8485077205,8775444942,8724656126,7970649131
Hungary,HUN,GDP (current US$),NY.GDP.MKTP.CD,34753569690,38730585921,40124916945,43166678731,46425677734,46658755152,47296952929,48706787306,49073380174,47218405892,53749989092,67608919144,85302003908,1.0396E+11,1.12981E+11,1.15577E+11,1.39966E+11,1.58136E+11,1.3076E+11,1.31136E+11,1.4111E+11,1.28154E+11,1.35409E+11,1.40559E+11,1.2453E+11,1.27507E+11
IBRD only,IBD,GDP (current US$),NY.GDP.MKTP.CD,3.72538E+12,3.71487E+12,3.98076E+12,4.35221E+12,4.8928E+12,5.34772E+12,5.66185E+12,5.50652E+12,5.34479E+12,5.81031E+12,5.89645E+12,5.99042E+12,6.74425E+12,8.02468E+12,9.59591E+12,1.13809E+13,1.41467E+13,1.69883E+13,1.64812E+13,2.00129E+13,2.3639E+13,2.51368E+13,2.65568E+13,2.7472E+13,2.59466E+13,2.61464E+13
IDA & IBRD total,IBT,GDP (current US$),NY.GDP.MKTP.CD,4.07019E+12,4.0483E+12,4.29964E+12,4.66207E+12,5.24726E+12,5.73759E+12,6.06641E+12,5.91603E+12,5.76546E+12,6.27725E+12,6.35855E+12,6.48766E+12,7.30342E+12,8.68013E+12,1.03572E+13,1.22976E+13,1.52216E+13,1.82768E+13,1.77478E+13,2.14754E+13,2.52998E+13,2.692E+13,2.85181E+13,2.95856E+13,2.80272E+13,2.81653E+13
IDA total,IDA,GDP (current US$),NY.GDP.MKTP.CD,3.47558E+11,3.35837E+11,3.2024E+11,3.0981E+11,3.54646E+11,3.90191E+11,4.04504E+11,4.10227E+11,4.22484E+11,4.6936E+11,4.64293E+11,5.00101E+11,5.62376E+11,6.59125E+11,7.65213E+11,9.2162E+11,1.07979E+12,1.29437E+12,1.27295E+12,1.46685E+12,1.66299E+12,1.7863E+12,1.96809E+12,2.12454E+12,2.09341E+12,2.0292E+12
IDA blend,IDB,GDP (current US$),NY.GDP.MKTP.CD,1.47516E+11,1.46936E+11,1.31254E+11,1.35002E+11,1.55032E+11,1.7187E+11,1.76121E+11,1.73139E+11,1.81192E+11,2.0622E+11,2.0581E+11,2.27236E+11,2.55044E+11,3.10731E+11,3.71074E+11,4.65043E+11,5.3654E+11,6.36292E+11,5.96287E+11,7.00806E+11,8.08526E+11,8.89437E+11,9.68241E+11,1.05494E+12,1.00414E+12,9.29792E+11
Indonesia,IDN,GDP (current US$),NY.GDP.MKTP.CD,1.16622E+11,1.28027E+11,1.58007E+11,1.76892E+11,2.02132E+11,2.2737E+11,2.15749E+11,95445547873,1.40001E+11,1.65021E+11,1.60447E+11,1.95661E+11,2.34772E+11,2.56837E+11,2.85869E+11,3.64571E+11,4.32217E+11,5.10229E+11,5.3958E+11,7.55094E+11,8.92969E+11,9.1787E+11,9.12524E+11,8.90815E+11,8.60854E+11,9.31877E+11
IDA only,IDX,GDP (current US$),NY.GDP.MKTP.CD,1.9925E+11,1.87634E+11,1.88762E+11,1.73831E+11,1.9845E+11,2.16916E+11,2.27121E+11,2.36327E+11,2.40236E+11,2.615E+11,2.56778E+11,2.70775E+11,3.04997E+11,3.45311E+11,3.90257E+11,4.51371E+11,5.37398E+11,6.51858E+11,6.73147E+11,7.60779E+11,8.4726E+11,8.87209E+11,9.90287E+11,1.05839E+12,1.08145E+12,1.09639E+12
Isle of Man,IMN,GDP (current US$),NY.GDP.MKTP.CD,,,,,914727080.6,1023086919,1180919719,1382548250,1567465657,1563667800,1659131244,1947332922,2328658228,2822358473,3032400000,3422651334,4466100440,5928601103,5487083658,5920177689,6566098382,6433357030,6754330155,7428280402,6792417112,6592627599
India,IND,GDP (current US$),NY.GDP.MKTP.CD,2.70105E+11,2.88208E+11,2.79296E+11,3.27276E+11,3.60282E+11,3.92897E+11,4.15868E+11,4.21351E+11,4.5882E+11,4.68395E+11,4.85441E+11,5.14938E+11,6.07699E+11,7.09149E+11,8.20382E+11,9.4026E+11,1.21674E+12,1.1989E+12,1.34189E+12,1.67562E+12,1.82305E+12,1.82764E+12,1.85672E+12,2.03913E+12,2.10359E+12,2.2948E+12
Not classified,INX,GDP (current US$),NY.GDP.MKTP.CD,,,,,,,,,,,,,,,,,,,,,,,,,,
Ireland,IRL,GDP (current US$),NY.GDP.MKTP.CD,49847127139,55985505025,52480251773,57166035571,69222624369,75880630166,82826141595,90082051923,98692079267,99852958356,1.09135E+11,1.2795E+11,1.64285E+11,1.93871E+11,2.11649E+11,2.32083E+11,2.69918E+11,2.75039E+11,2.36316E+11,2.22149E+11,2.37472E+11,2.24999E+11,2.38544E+11,2.58472E+11,2.915E+11,3.00523E+11
"Iran, Islamic Rep.",IRN,GDP (current US$),NY.GDP.MKTP.CD,,,63743623232,71841461173,96419225744,1.20404E+11,1.13919E+11,1.10277E+11,1.13848E+11,1.09592E+11,1.26879E+11,1.28627E+11,1.53545E+11,1.90043E+11,2.26452E+11,2.66299E+11,3.49882E+11,4.12336E+11,4.16397E+11,4.86808E+11,5.80765E+11,5.98868E+11,4.60293E+11,4.32687E+11,3.84951E+11,4.17984E+11
Iraq,IRQ,GDP (current US$),NY.GDP.MKTP.CD,,,,,,,,,,,,,,36627901762,49954890353,65140293688,88840050497,1.31614E+11,1.11661E+11,1.38517E+11,1.8575E+11,2.18001E+11,2.34638E+11,2.34648E+11,1.77499E+11,1.74879E+11
Iceland,ISL,GDP (current US$),NY.GDP.MKTP.CD,6920116563,7091625419,6227928906,6399064571,7134341218,7438183247,7580988978,8494094899,8971608730,9003639598,8205357408,9294652006,11414055063,13834750404,16812530837,17216420298,21514962933,17905251718,13164652467,13683689690,15158548261,14724078152,16033517406,17758050019,17389101641,20618363256
Israel,ISR,GDP (current US$),NY.GDP.MKTP.CD,67558012988,75607006994,75985901276,86342656604,1.00385E+11,1.09996E+11,1.14693E+11,1.15933E+11,1.17112E+11,1.32343E+11,1.30756E+11,1.21124E+11,1.26966E+11,1.35477E+11,1.42529E+11,1.54034E+11,1.78959E+11,2.16105E+11,2.07468E+11,2.33996E+11,2.61469E+11,2.5718E+11,2.92636E+11,3.09558E+11,2.99813E+11,3.18951E+11
Italy,ITA,GDP (current US$),NY.GDP.MKTP.CD,1.24622E+12,1.32016E+12,1.06496E+12,1.09922E+12,1.17466E+12,1.31243E+12,1.24188E+12,1.27005E+12,1.25202E+12,1.14383E+12,1.16701E+12,1.27071E+12,1.57415E+12,1.80323E+12,1.85752E+12,1.94792E+12,2.21029E+12,2.39886E+12,2.19124E+12,2.13402E+12,2.29199E+12,2.08708E+12,2.14132E+12,2.15913E+12,1.8359E+12,1.8758E+12
Jamaica,JAM,GDP (current US$),NY.GDP.MKTP.CD,4071219198,3530892749,5405097571,5419134875,6538840170,7368000000,8375077443,8763219645,8851581633,8985352832,9178016493,9694169757,9399447609,10150978155,11204416000,11901911988,12827809965,13680482787,12067478478,13220556883,14444655300,14807086889,14262589158,13897804560,14187696311,14075894320
Jordan,JOR,GDP (current US$),NY.GDP.MKTP.CD,4344250257,5390688438,5685784384,6326420495,6821989155,7024203103,7347574048,8023356841,8263921016,8579280677,9101452750,9716868829,10338730606,11571424542,12765218618,15268053597,17350521862,22279907003,24154000000,26795901408,29244647887,31371056338,34064873239,36329267606,38043450704,39196676056
Japan,JPN,GDP (current US$),NY.GDP.MKTP.CD,3.58442E+12,3.90881E+12,4.45414E+12,4.90704E+12,5.44912E+12,4.83371E+12,4.41473E+12,4.03251E+12,4.56208E+12,4.88752E+12,4.30354E+12,4.11512E+12,4.44566E+12,4.81515E+12,4.75541E+12,4.53038E+12,4.51526E+12,5.03791E+12,5.23138E+12,5.7001E+12,6.15746E+12,6.20321E+12,5.15572E+12,4.85041E+12,4.38948E+12,4.92254E+12
Kazakhstan,KAZ,GDP (current US$),NY.GDP.MKTP.CD,24881135586,24906939560,23409027476,21250839258,20374307047,21035357833,22165932063,22135245413,16870817135,18291990619,22152694162,24636593223,30833699703,43151647003,57123671734,81003884545,1.0485E+11,1.33442E+11,1.15309E+11,1.48047E+11,1.92627E+11,2.07999E+11,2.36635E+11,2.21416E+11,1.84388E+11,1.37278E+11
Kenya,KEN,GDP (current US$),NY.GDP.MKTP.CD,8151479004,8209129172,5751789915,7148145376,9046326060,12045858436,13115773738,14093998844,12896013577,12705357103,12986007426,13147743911,14904517650,16095337094,18737897745,25825524821,31958195182,35895153328,37021512049,40000088347,41953433591,50412754861,55096728048,61448046802,64007750169,69188755364
Kyrgyz Republic,KGZ,GDP (current US$),NY.GDP.MKTP.CD,2569444444,2316562500,2028295455,1681006993,1661018519,1827570586,1767864036,1645963750,1249061487,1369688498,1525116370,1605643105,1919008090,2211534585,2460248026,2834168889,3802566171,5139957785,4690062255,4794357795,6197766119,6605139933,7335027592,7468096567,6678178340,6813092066
Cambodia,KHM,GDP (current US$),NY.GDP.MKTP.CD,,,2533727592,2791435272,3441205693,3506695720,3443413389,3120425503,3517242477,3677897739,3984000517,4284028483,4658246918,5337833248,6293046162,7274595707,8639235842,10351914093,10401851851,11242275199,12829541141,14054443213,15227991395,16702610842,18049954289,20016747754
Kiribati,KIR,GDP (current US$),NY.GDP.MKTP.CD,47515189.28,47737955.35,46919624.64,54832577.86,56338028.17,66515376.79,67537479.59,65334841.06,69032258.06,67254174.4,63101272.37,72196457.68,90231856.8,102367039.3,112133944.3,110234939.8,132671743,141042610.3,132420059.3,156120895.2,181705002.6,190243321.6,185113921.6,179703443.3,171117872.4,178328873
St. Kitts and Nevis,KNA,GDP (current US$),NY.GDP.MKTP.CD,220539518.5,242135407.4,263754666.7,295157666.7,313483370.4,333946111.1,374640307,383257146,406597041.5,433520483.4,475443703,497328958.6,486344344.3,529250444.4,577730925.9,644414814.8,689285185.2,751229629.6,747859259.3,760177777.8,817762963,800422222.2,839770370.4,916574074.1,923155555.6,971162963
"Korea, Rep.",KOR,GDP (current US$),NY.GDP.MKTP.CD,3.30649E+11,3.55525E+11,3.92666E+11,4.63617E+11,5.66583E+11,6.1017E+11,5.69755E+11,3.83331E+11,4.97513E+11,5.76178E+11,5.47658E+11,6.27246E+11,7.02717E+11,7.93175E+11,9.34901E+11,1.05322E+12,1.17261E+12,1.04734E+12,9.43942E+11,1.14407E+12,1.25322E+12,1.27843E+12,1.3708E+12,1.48432E+12,1.46577E+12,1.50011E+12
Kuwait,KWT,GDP (current US$),NY.GDP.MKTP.CD,11008793176,19858555215,23941391391,24848483838,27191353887,31493319973,30355093966,25939960630,30123850197,37712842243,34887512227,38137545245,47876510067,59439090601,80798630137,1.01549E+11,1.1464E+11,1.47395E+11,1.05963E+11,1.15419E+11,1.54068E+11,1.7407E+11,1.74161E+11,1.62631E+11,1.14567E+11,1.0942E+11
Latin America & Caribbean (excluding high income),LAC,GDP (current US$),NY.GDP.MKTP.CD,1.34422E+12,1.25177E+12,1.44854E+12,1.65855E+12,1.75544E+12,1.90284E+12,2.08514E+12,2.09957E+12,1.87728E+12,2.0826E+12,2.03347E+12,1.80912E+12,1.84157E+12,2.11876E+12,2.57542E+12,3.02323E+12,3.58601E+12,4.19848E+12,3.93362E+12,4.90514E+12,5.58566E+12,5.62219E+12,5.74818E+12,5.8832E+12,4.99823E+12,4.85833E+12
Lao PDR,LAO,GDP (current US$),NY.GDP.MKTP.CD,1028087972,1127806945,1327748655,1543606345,1763536305,1873671550,1747011857,1280177839,1454430642,1731198022,1768619058,1758176653,2023324407,2366398120,2735558726,3452882514,4222962988,5443915121,5832915387,7127792630,8749241114,10191350120,11942230508,13268458232,14390442307,15805692546
Lebanon,LBN,GDP (current US$),NY.GDP.MKTP.CD,4690415093,5843579161,7941744492,9599127050,11718795528,13690217333,15751867489,17247179006,17391056369,17260364842,17649751244,19152238806,20082918740,21159827992,21497336499,22022709852,24827355015,29118916106,35399582929,38443907042,39927125961,44035991746,46909335135,48134486625,49939374833,51205122504
Liberia,LBR,GDP (current US$),NY.GDP.MKTP.CD,,,,,,,,,,874000000,906000000,927000000,748000000,897000000,949000000,1119000000,1373000000,1726000000,1768000000,1998000000,2398000000,2721000000,3067000000,3144000000,3177000000,3277826000
Libya,LBY,GDP (current US$),NY.GDP.MKTP.CD,31995012469,33881392045,30657030223,28607921929,25544128199,27884615385,30698633109,27249786142,35976714101,38270206950,34110064452,20481889764,26265625000,33122307692,47334148578,54961936663,67516236338,87140405361,63028320702,74773444901,34699395524,81873662519,65502870174,41142722414,27842131480,26197143268
St. Lucia,LCA,GDP (current US$),NY.GDP.MKTP.CD,613703703.7,674074074.1,684814814.8,713703703.7,762962963,788888888.9,805925925.9,877407407.4,921851851.9,932592592.6,892592592.6,900000000,987407407.4,1066666667,1135555556,1268319185,1336088815,1437731111,1401507889,1486758037,1576988407,1605146778,1664816741,1755130815,1808079889,1865375222
Latin America & Caribbean,LCN,GDP (current US$),NY.GDP.MKTP.CD,1.45073E+12,1.37125E+12,1.57688E+12,1.80215E+12,1.92166E+12,2.07942E+12,2.27966E+12,2.30033E+12,2.07546E+12,2.28934E+12,2.23986E+12,2.00982E+12,2.05335E+12,2.36644E+12,2.86153E+12,3.35331E+12,3.94999E+12,4.59031E+12,4.31342E+12,5.34822E+12,6.08103E+12,6.14373E+12,6.29481E+12,6.41712E+12,5.5202E+12,5.39074E+12
Least developed countries: UN classification,LDC,GDP (current US$),NY.GDP.MKTP.CD,1.65169E+11,1.50228E+11,1.49152E+11,1.38425E+11,1.57942E+11,1.74066E+11,1.8357E+11,1.8792E+11,1.91079E+11,2.15731E+11,2.06139E+11,2.23899E+11,2.54074E+11,2.91137E+11,3.41321E+11,3.98928E+11,4.78177E+11,5.92416E+11,5.96223E+11,6.80391E+11,7.73831E+11,8.20296E+11,8.95292E+11,9.67972E+11,9.54665E+11,9.43028E+11
Low income,LIC,GDP (current US$),NY.GDP.MKTP.CD,1.09979E+11,96392040778,96685314333,83343858956,93893168062,99198793946,1.05913E+11,1.07094E+11,1.07E+11,1.30128E+11,1.2182E+11,1.3116E+11,1.44031E+11,1.67584E+11,1.95975E+11,2.30347E+11,2.8212E+11,3.41791E+11,3.51485E+11,3.90053E+11,4.21623E+11,4.42153E+11,4.85103E+11,5.19929E+11,5.19125E+11,4.7925E+11
Liechtenstein,LIE,GDP (current US$),NY.GDP.MKTP.CD,1484152022,1631197909,1673104494,1948118228,2428461395,2504033252,2298410391,2479721341,2664026095,2483953103,2491822707,2688630823,3070691320,3454362686,3659251526,4000239273,4601299567,5081432924,4504549214,5082366478,5739977477,5456009385,6391735894,6657170923,6268391521,6237264055
Sri Lanka,LKA,GDP (current US$),NY.GDP.MKTP.CD,9000362582,9703011636,10338679636,11717604209,13029697561,13897738375,15091913884,15794972847,15656327860,16330814180,15749753805,16536535647,18881765437,20662525941,24405791045,28279814925,32350248411,40713812310,42066217872,56725749222,65292753005,68434409315,74317806538,79356449841,80604080689,82401038710
Lower middle income,LMC,GDP (current US$),NY.GDP.MKTP.CD,8.05917E+11,8.38012E+11,8.12248E+11,8.66071E+11,9.62082E+11,1.0555E+12,1.10596E+12,1.10899E+12,1.16664E+12,1.21988E+12,1.23998E+12,1.31132E+12,1.49494E+12,1.73239E+12,2.02072E+12,2.37615E+12,2.91178E+12,3.26135E+12,3.29011E+12,3.93092E+12,4.42596E+12,4.66717E+12,4.91943E+12,5.2429E+12,5.18816E+12,5.35812E+12
Low & middle income,LMY,GDP (current US$),NY.GDP.MKTP.CD,3.90365E+12,3.86267E+12,4.10514E+12,4.44259E+12,4.96972E+12,5.42949E+12,5.75032E+12,5.57789E+12,5.44889E+12,5.95833E+12,6.0251E+12,6.14581E+12,6.91806E+12,8.20709E+12,9.7802E+12,1.16258E+13,1.43812E+13,1.72623E+13,1.68911E+13,2.05356E+13,2.42483E+13,2.58972E+13,2.74314E+13,2.84868E+13,2.70526E+13,2.71809E+13
Lesotho,LSO,GDP (current US$),NY.GDP.MKTP.CD,704329192.8,831033941.1,835592802.3,878250450.6,1001889857,946123275.9,997996028.6,928458206,912771290.6,887295267.9,825706961.2,775780697.7,1157832935,1511236656,1682350935,1800105590,1716262753,1758534995,1773199523,2269525782,2622336141,2526185310,2421470022,2499803980,2372280099,2165408362
Late-demographic dividend,LTE,GDP (current US$),NY.GDP.MKTP.CD,2.24002E+12,2.09065E+12,2.16886E+12,2.47023E+12,3.01766E+12,3.32759E+12,3.48413E+12,3.3539E+12,3.09866E+12,3.4027E+12,3.51703E+12,3.72595E+12,4.24658E+12,5.10613E+12,6.1636E+12,7.43857E+12,9.37198E+12,1.16516E+13,1.12601E+13,1.35045E+13,1.64582E+13,1.76082E+13,1.89795E+13,1.97002E+13,1.84701E+13,1.85146E+13
Lithuania,LTU,GDP (current US$),NY.GDP.MKTP.CD,,,,,7870782261,8385109020,10120274493,11240360898,10972878636,11539211480,12252498921,14278357284,18802576988,22649930576,26125575942,30216060233,39738180077,47850551149,37440673478,37034461707,43466133144,42842537129,46442055804,48526000845,41392396558,43021972485
Luxembourg,LUX,GDP (current US$),NY.GDP.MKTP.CD,14321878795,16065740778,16486900187,18325791415,21588170498,21776609772,19731912494,20209122027,22235929043,21263514833,21272418792,23616328816,29557325056,34685281848,37347394603,42414308117,50888134410,55849686539,51370543206,53212476812,60004630234,56677961787,61739352212,66103853237,57744457955,60691483443
Latvia,LVA,GDP (current US$),NY.GDP.MKTP.CD,,,,,5770516258,5952007402,6508472054,7145882283,7518044679,7934206257,8334748153,9529948840,11731703358,14355307662,16909366521,21436812139,30897981124,35657998831,26250900751,23803906231,28490700601,28176625841,30272574650,31382780146,27090019663,27734140217
"Macao SAR, China",MAC,GDP (current US$),NY.GDP.MKTP.CD,3735117374,4879018602,5625533410,6265844252,6996034037,7122539667,7211264780,6742367273,6490571704,6720492406,6811227983,7322677820,8195033162,10585624891,12092222042,14789661809,18340447243,20917444920,21475520709,28123640999,36709860068,43031577366,51552075902,55347998648,45361678147,45387299721
St. Martin (French part),MAF,GDP (current US$),NY.GDP.MKTP.CD,,,,,,,,,,,,,,,,,,,,,,,,,,
Morocco,MAR,GDP (current US$),NY.GDP.MKTP.CD,32285388165,33711069431,31655473664,35604137423,39030285468,43161452678,39147844526,41806219379,41632027600,38857251336,39459581217,42236836821,52064058834,59626020162,62343022651,68640825481,79041294874,92507257784,92897320376,93216746662,1.0137E+11,98266306615,1.06826E+11,1.10081E+11,1.0118E+11,1.03312E+11
Monaco,MCO,GDP (current US$),NY.GDP.MKTP.CD,2480497539,2737067002,2574440023,2720297793,3130270895,3137848801,2840182221,2934578821,2906009308,2647883816,2718868306,2968987019,3601321065,4137913500,4203084194,4582988333,5867916781,6476490406,5451653237,5367625613,6088808463,5743029680,6555983530,7069616049,6261622101,6472990923
Moldova,MDA,GDP (current US$),NY.GDP.MKTP.CD,,,,,1752979926,1695122174,1930081169,1698717505,1170782957,1288429392,1480673594,1661818168,1980907435,2598249556,2988348836,3408244549,4401189466,6054849885,5439422031,6974960345,8414360656,8709165249,9496684701,9510219299,7745231660,8071480541
Madagascar,MDG,GDP (current US$),NY.GDP.MKTP.CD,3254713056,3714967007,4063298919,3522226903,3838101052,4931861239,4262965282,4401967499,4277903780,4629247091,5438332738,5351701534,6372498720,5064732716,5859269849,6395712392,8524620739,10725137478,9616879921,9982711030,11551821062,11578978053,12423557907,12522959157,11323023787,11848615018
Maldives,MDV,GDP (current US$),NY.GDP.MKTP.CD,244468292.7,284853358.6,322326642.3,355884383.1,398988955,450382328,508223602.4,540096397.6,589239753.6,624337145.3,870179738.6,897031250,1052121055,1226829563,1163362438,1575200391,1868383461,2271646188,2345294875,2588176055,2774351760,2886170572,3295011382,3697351597,4109424800,4379136462
Middle East & North Africa,MEA,GDP (current US$),NY.GDP.MKTP.CD,5.54709E+11,6.03853E+11,6.08089E+11,6.33947E+11,7.08891E+11,8.02523E+11,8.32804E+11,8.09509E+11,8.66974E+11,9.66901E+11,9.70527E+11,9.66745E+11,1.08931E+12,1.2716E+12,1.53061E+12,1.79143E+12,2.12407E+12,2.65458E+12,2.371E+12,2.76678E+12,3.27958E+12,3.57551E+12,3.54727E+12,3.568E+12,3.13916E+12,3.15018E+12
Mexico,MEX,GDP (current US$),NY.GDP.MKTP.CD,3.13143E+11,3.63158E+11,5.00736E+11,5.27813E+11,3.60074E+11,4.10976E+11,5.00413E+11,5.26502E+11,6.00233E+11,7.07907E+11,7.56706E+11,7.72106E+11,7.29336E+11,7.82241E+11,8.77476E+11,9.75387E+11,1.0527E+12,1.10999E+12,9.00045E+11,1.0578E+12,1.18049E+12,1.20109E+12,1.27444E+12,1.31456E+12,1.17056E+12,1.0779E+12
Marshall Islands,MHL,GDP (current US$),NY.GDP.MKTP.CD,82507000,91063000,99461000,108071000,120230000,110858000,110705600,112279400,114326300,115347500,122824000,131738200,131398500,133806400,141922500,145474100,153884600,153135800,151772600,162164700,174332100,182874800,187707400,184689500,184599600,200558400
Middle income,MIC,GDP (current US$),NY.GDP.MKTP.CD,3.79856E+12,3.76958E+12,4.01128E+12,4.35948E+12,4.87617E+12,5.3302E+12,5.64443E+12,5.47142E+12,5.34283E+12,5.83103E+12,5.90485E+12,6.01716E+12,6.77649E+12,8.04208E+12,9.5869E+12,1.13984E+13,1.41024E+13,1.69253E+13,1.65478E+13,2.01478E+13,2.38213E+13,2.54476E+13,2.6942E+13,2.79658E+13,2.65374E+13,2.66963E+13
North Macedonia,MKD,GDP (current US$),NY.GDP.MKTP.CD,4938775510,2436849342,2682456897,3556581986,4680078740,4651453634,3928975904,3756208791,3863743409,3772851420,3709637830,4018365247,4946292775,5682719260,6258600714,6861222332,8336478142,9909548411,9401731496,9407168702,10494632699,9745251126,10817712139,11362272838,10064515432,10672471861
Mali,MLI,GDP (current US$),NY.GDP.MKTP.CD,2724131545,2830673389,2818280876,2081846483,2706425298,2780422212,2697105694,2920358587,3439463140,2954129566,3465305993,3889758024,4703504467,5444474268,6247496491,6905876385,8145694632,9798741074,10190945007,10689167195,12995074801,12441946098,13242680701,14365345530,13104869674,14020002871
Malta,MLT,GDP (current US$),NY.GDP.MKTP.CD,2750041434,3021910217,2709178327,2998570147,3439931907,3570271558,3705372039,3923637971,4127313818,4053395701,4066485176,4466981846,5415856194,6044382216,6403839314,6757119558,7880509171,8977149553,8528202278,8749171417,9515297915,9205506528,10153894646,11302344157,10682394998,11444483134
Myanmar,MMR,GDP (current US$),NY.GDP.MKTP.CD,,,,,,,,,,8905066164,6477790688,6777632512,10467109978,10567354056,11986972419,14502553710,20182477481,31862554102,36906181381,49540813342,59977326086,59937797559,60269734045,65446199788,67822772707,67184236747
Middle East & North Africa (excluding high income),MNA,GDP (current US$),NY.GDP.MKTP.CD,,,2.9206E+11,2.99066E+11,3.41035E+11,3.9544E+11,4.06165E+11,4.1226E+11,4.35997E+11,4.51794E+11,4.6749E+11,4.53815E+11,5.11925E+11,5.93297E+11,6.98814E+11,8.11809E+11,1.00334E+12,1.24212E+12,1.19861E+12,1.38366E+12,1.56593E+12,1.72891E+12,1.61793E+12,1.59741E+12,1.43565E+12,1.45474E+12
Montenegro,MNE,GDP (current US$),NY.GDP.MKTP.CD,,,,,,,,,,984297589.4,1159869246,1284685051,1707710053,2073234418,2257174481,2721903149,3680711744,4545674528,4159330370,4139192053,4538199889,4087725813,4466039315,4594024180,4054712083,4377033429
Mongolia,MNG,GDP (current US$),NY.GDP.MKTP.CD,2379018326,1317611864,768401634.2,925817092.2,1452165005,1345719472,1180934203,1124440249,1057408589,1136896124,1267997934,1396555720,1595297356,1992066808,2523471532,3414055566,4234999823,5623216449,4583850368,7189481824,10409797649,12292770631,12582122604,12226514722,11749620620,11186734674
Northern Mariana Islands,MNP,GDP (current US$),NY.GDP.MKTP.CD,,,,,,,,,,,,1284000000,1239000000,1210000000,1061000000,990000000,938000000,939000000,795000000,799000000,733000000,751000000,782000000,845000000,931000000,1250000000
Mozambique,MOZ,GDP (current US$),NY.GDP.MKTP.CD,3704316975,2644983402,2738413379,2793020801,2900913488,4163397089,4976735802,5613212496,5888561099,5553894130,5311092496,5623299278,6254047514,7589038160,8512116725,9149485071,10423424155,12574681498,11899763735,11087646868,14381552433,16350804543,16974320551,17716084108,15950969019,11936999283
Mauritania,MRT,GDP (current US$),NY.GDP.MKTP.CD,2133693478,2164292208,1847350612,1944876755,2091731421,2132081882,2072001067,2032345832,1985924387,1779521110,1746064719,1777058593,2051147607,2362501023,2936019526,4008583968,4328063511,5138471610,4725200358,5628882266,6764635687,6728208836,7223063170,6592537782,6166857629,6398744505
Mauritius,MUS,GDP (current US$),NY.GDP.MKTP.CD,2856890681,3224267548,3263368410,3558137040,4040345933,4421943910,4187367602,4169664285,4343710333,4663313620,4613630623,4841310240,5816553827,6578844486,6488750453,7028803366,8150138757,9990370016,9128843109,10003670690,11518393367,11668685524,12129642296,12803445934,11692287066,12232463656
Malawi,MWI,GDP (current US$),NY.GDP.MKTP.CD,2203545857,1799517082,2070636936,1181802596,1397457932,2281034131,2663234934,1750584265,1775921718,1743506531,1716502862,3495748398,3208837077,3476094499,3655909664,3998020177,4432937046,5321012192,6191127665,6959655571,8004000737,6028487929,5518880769,6047813437,6373212641,5433040160
Malaysia,MYS,GDP (current US$),NY.GDP.MKTP.CD,49143148094,59167550163,66894837030,74478356958,88705342903,1.00855E+11,1.00005E+11,72167498981,79148421053,93789736842,92783947368,1.00846E+11,1.10202E+11,1.24749E+11,1.43534E+11,1.62691E+11,1.93548E+11,2.30814E+11,2.02258E+11,2.55017E+11,2.97952E+11,3.14443E+11,3.23277E+11,3.38062E+11,3.01355E+11,3.01255E+11
North America,NAC,GDP (current US$),NY.GDP.MKTP.CD,6.77009E+12,7.11439E+12,7.43755E+12,7.86724E+12,8.24581E+12,8.70436E+12,9.23331E+12,9.69776E+12,1.03101E+13,1.09981E+13,1.13219E+13,1.16983E+13,1.23548E+13,1.32414E+13,1.42109E+13,1.51354E+13,1.59227E+13,1.62681E+13,1.58259E+13,1.66113E+13,1.73368E+13,1.80312E+13,1.86376E+13,1.93311E+13,1.97813E+13,2.02415E+13
Namibia,NAM,GDP (current US$),NY.GDP.MKTP.CD,2992650454,3424733520,3218475900,3636645995,3942478206,3945340776,4102648720,3826527631,3818954448,3833993703,3476452446,3275669889,4811994025,6480441754,7121391946,7835043624,8740865600,8486721917,8876191121,11268186636,12343501808,13042007432,12011207762,12356482878,11272143550,10665634661
New Caledonia,NCL,GDP (current US$),NY.GDP.MKTP.CD,2653781596,2923764926,3070161471,3038727617,3628440275,3606968434,3291489841,3158806480,3056999988,2682347064,,,,,,,,,,,,,,,,
Niger,NER,GDP (current US$),NY.GDP.MKTP.CD,3309124416,3411197113,2225270608,1947256691,2313555921,2417146611,2297228092,2625049702,2520868603,2238259711,2445079044,2768787377,3387804102,3742134213,4374677877,4743059572,5694717111,7220003603,7278718280,7792421016,8701085756,9366515965,10156855204,10815312544,9667589437,10284627190
Nigeria,NGA,GDP (current US$),NY.GDP.MKTP.CD,49118433048,47794925815,27752204320,33833042988,44062465800,51075815093,54457835193,54604050168,59372613486,69448756933,74030364472,95385819321,1.04912E+11,1.36386E+11,1.76134E+11,2.36104E+11,2.75626E+11,3.37036E+11,2.9188E+11,3.6336E+11,4.10335E+11,4.59376E+11,5.14966E+11,5.68499E+11,4.94583E+11,4.0465E+11
Nicaragua,NIC,GDP (current US$),NY.GDP.MKTP.CD,1488804124,1792800000,1756454248,3863185119,4140470000,4308351903,4389965591,4635267225,4855717875,5107329007,5323146566,5224213018,5322454926,5795568205,6321335612,6763418646,7423367753,8496946608,8298679909,8758639096,9774262742,10531964139,10982979274,11880472593,12756706583,13286048705
Netherlands,NLD,GDP (current US$),NY.GDP.MKTP.CD,3.275E+11,3.62963E+11,3.5355E+11,3.7913E+11,4.52302E+11,4.5049E+11,4.16813E+11,4.38008E+11,4.46899E+11,4.16443E+11,4.31213E+11,4.71614E+11,5.78792E+11,6.57172E+11,6.85093E+11,7.33341E+11,8.47482E+11,9.47998E+11,8.68077E+11,8.46555E+11,9.04086E+11,8.38971E+11,8.76924E+11,8.90981E+11,7.65265E+11,7.83528E+11
Norway,NOR,GDP (current US$),NY.GDP.MKTP.CD,1.21872E+11,1.30838E+11,1.20579E+11,1.27131E+11,1.5203E+11,1.6352E+11,1.61357E+11,1.54163E+11,1.62284E+11,1.71247E+11,1.73972E+11,1.95524E+11,2.28859E+11,2.64512E+11,3.08884E+11,3.45581E+11,4.00937E+11,4.6225E+11,3.8619E+11,4.28757E+11,4.98283E+11,5.09506E+11,5.22762E+11,4.9841E+11,3.85802E+11,3.6882E+11
Nepal,NPL,GDP (current US$),NY.GDP.MKTP.CD,3921476085,3401211581,3660041667,4066775510,4401104418,4521580381,4918691917,4856255044,5033642384,5494252208,6007055042,6050875807,6330473097,7273938315,8130258041,9043715356,10325618017,12545438605,12854985464,16002656434,18913574371,18851513891,19271168018,20002968838,21410840909,21185922408
Nauru,NRU,GDP (current US$),NY.GDP.MKTP.CD,,,,,,,,,,,,,,,,,,,,47564520.39,66055407.67,96927201.48,98491843.64,104654365.2,86779266.16,100087349
New Zealand,NZL,GDP (current US$),NY.GDP.MKTP.CD,42745329732,41649829860,46775620817,55314732279,63918703507,70140835299,66075143415,56227169851,58762260626,52623281957,53872425917,66627729311,88250885550,1.03905E+11,1.1472E+11,1.11609E+11,1.3732E+11,1.3329E+11,1.21358E+11,1.46619E+11,1.6851E+11,1.76248E+11,1.90846E+11,2.00922E+11,1.77468E+11,1.88224E+11
OECD members,OED,GDP (current US$),NY.GDP.MKTP.CD,1.9867E+13,2.13688E+13,2.16592E+13,2.31537E+13,2.55334E+13,2.57547E+13,2.53755E+13,2.5644E+13,2.69269E+13,2.75005E+13,2.72546E+13,2.8432E+13,3.18161E+13,3.54226E+13,3.74739E+13,3.95463E+13,4.3285E+13,4.58648E+13,4.2939E+13,4.50422E+13,4.84427E+13,4.84175E+13,4.9072E+13,5.0102E+13,4.72774E+13,4.81604E+13
Oman,OMN,GDP (current US$),NY.GDP.MKTP.CD,11341482445,12452275683,12493107932,12918855657,13802600780,15277763329,15837451235,14085373212,15710148244,19507412224,19452015605,20142782835,21633810143,24763589077,31081924577,37215864759,42085305592,60905331599,48388296489,57048114434,68016905072,76615864759,78784395319,81076462939,68400260078,65481144343
Other small states,OSS,GDP (current US$),NY.GDP.MKTP.CD,56344266331,61461217092,58495845577,61119117360,69927412289,73711608597,76739500964,75152820198,80920940319,91276164873,90810520093,97988987808,1.2197E+11,1.51383E+11,1.83447E+11,2.15317E+11,2.63787E+11,3.22575E+11,2.77066E+11,3.22155E+11,3.96826E+11,4.1417E+11,4.31981E+11,4.46494E+11,3.7037E+11,3.6589E+11
Pakistan,PAK,GDP (current US$),NY.GDP.MKTP.CD,45625234698,48884606848,51809949334,52293456906,60636022423,63320122807,62433300338,62191955814,62973855719,82017743416,79484403985,79904985385,91760542940,1.0776E+11,1.20055E+11,1.37264E+11,1.52386E+11,1.70078E+11,1.68153E+11,1.77166E+11,2.13587E+11,2.24384E+11,2.31219E+11,2.44361E+11,2.70556E+11,2.78655E+11
Panama,PAN,GDP (current US$),NY.GDP.MKTP.CD,7074675500,8042337700,8782585400,9365289800,9573813700,9870494000,10677286100,11575486400,12130252200,12304115000,12502013400,12994310400,13693981200,15013381700,16374393900,18141666300,21295984200,25155888600,27116635600,29440300000,34686200000,40429700000,45600000000,49921500000,54091700000,57907700000
Peru,PER,GDP (current US$),NY.GDP.MKTP.CD,34341465998,35966302303,34832077221,44882079767,53312793687,55252414130,58147522523,55501467877,50187324568,51744749133,52030158775,54777553515,58731030122,66768703498,76060606061,88643193062,1.02171E+11,1.20551E+11,1.20823E+11,1.47529E+11,1.71762E+11,1.92649E+11,2.01175E+11,2.00789E+11,1.89805E+11,1.91896E+11
Philippines,PHL,GDP (current US$),NY.GDP.MKTP.CD,45417561302,52976344929,54368083953,64084460124,74119987245,82848140618,82344260571,72207028768,82995145793,83670261708,78921071498,84307369868,87039145965,95001994600,1.0742E+11,1.27653E+11,1.5598E+11,1.81007E+11,1.76132E+11,2.08369E+11,2.34217E+11,2.61921E+11,2.83903E+11,2.97484E+11,3.06446E+11,3.18627E+11
Palau,PLW,GDP (current US$),NY.GDP.MKTP.CD,,,,,,,,,,146113700,156737100,163026600,153761900,164886100,184468800,189028900,194630300,198024400,183369300,183498800,193143900,211103300,223388400,243147000,280376100,300125600
Papua New Guinea,PNG,GDP (current US$),NY.GDP.MKTP.CD,3787394958,4377980510,4974550286,5502786070,4636057476,5155311077,4936615299,3789443015,3477038204,3521339699,3081024212,2999511040,3536411824,3927157867,4865892972,8355006707,9545177014,11670840932,11619637799,14250755231,17984910502,21295659244,21261432791,23210682538,21723531173,20759069103
Poland,POL,GDP (current US$),NY.GDP.MKTP.CD,85500935935,94337050693,96045645026,1.10803E+11,1.42137E+11,1.59943E+11,1.59118E+11,1.74388E+11,1.69718E+11,1.71886E+11,1.90521E+11,1.98681E+11,2.17513E+11,2.55102E+11,3.06124E+11,3.44746E+11,4.29061E+11,5.33813E+11,4.39794E+11,4.79321E+11,5.28832E+11,5.00361E+11,5.24234E+11,5.45389E+11,4.77581E+11,4.72037E+11
Pre-demographic dividend,PRE,GDP (current US$),NY.GDP.MKTP.CD,1.92103E+11,1.78667E+11,1.56656E+11,1.47795E+11,1.75712E+11,1.93792E+11,2.03934E+11,2.10025E+11,2.14477E+11,2.43798E+11,2.41151E+11,2.86438E+11,3.26388E+11,3.98098E+11,4.95811E+11,6.27724E+11,7.59365E+11,9.56317E+11,8.67889E+11,1.02234E+12,1.18666E+12,1.30175E+12,1.43032E+12,1.52594E+12,1.3443E+12,1.21702E+12
Puerto Rico,PRI,GDP (current US$),NY.GDP.MKTP.CD,32287031000,34630430000,36922456000,39690630000,42647331000,45340835000,48187039000,54086400000,57841000000,61701800000,69208400000,71623500000,74827400000,80322313000,83914521300,87276164400,89524131600,93639300000,96385600000,98381300000,1.00352E+11,1.01565E+11,1.0245E+11,1.02446E+11,1.03376E+11,1.04337E+11
"Korea, Dem. People’s Rep.",PRK,GDP (current US$),NY.GDP.MKTP.CD,,,,,,,,,,,,,,,,,,,,,,,,,,
Portugal,PRT,GDP (current US$),NY.GDP.MKTP.CD,89233599833,1.07592E+11,95009751901,99688640942,1.18122E+11,1.2263E+11,1.17017E+11,1.23946E+11,1.27427E+11,1.18311E+11,1.21499E+11,1.34156E+11,1.64862E+11,1.89035E+11,1.9718E+11,2.08582E+11,2.40191E+11,2.62345E+11,2.43702E+11,2.37881E+11,2.44797E+11,2.16237E+11,2.2637E+11,2.29596E+11,1.99314E+11,2.06286E+11
Paraguay,PRY,GDP (current US$),NY.GDP.MKTP.CD,6984367763,7157424031,7249533620,7870982005,9062131475,9788391781,9965225678,9260481572,8837070236,8855705140,8495806432,7196260657,7691367471,9624440836,10737500188,13429430050,17856270473,24578067861,22341754514,27215968616,33715524704,33283228891,38585317743,40276532541,36164068797,36054281572
West Bank and Gaza,PSE,GDP (current US$),NY.GDP.MKTP.CD,,,,2843300000,3282800000,3409600000,3759800000,4067800000,4271200000,4313600000,4003700000,3555800000,3968000000,4329200000,4831800000,4910100000,5505800000,6673500000,7268200000,8913100000,10465400000,11279400000,12476000000,12715600000,12673000000,13425700000
Pacific island small states,PSS,GDP (current US$),NY.GDP.MKTP.CD,2584584886,2843713419,3009657013,3472621042,3745866488,4016458662,4011894124,3427599030,3751048385,3463951694,3394755002,3569090602,4174439229,4815730279,5293122918,5561092889,6128480976,6542126816,5799153294,6433227567,7625069257,8096571827,8391851018,9113772923,8895487244,9313395708
Post-demographic dividend,PST,GDP (current US$),NY.GDP.MKTP.CD,1.93772E+13,2.07956E+13,2.09334E+13,2.24148E+13,2.48645E+13,2.4988E+13,2.45101E+13,2.46264E+13,2.58514E+13,2.62833E+13,2.60435E+13,2.71597E+13,3.04608E+13,3.38468E+13,3.56336E+13,3.75089E+13,4.0929E+13,4.32595E+13,4.07639E+13,4.25205E+13,4.56608E+13,4.56194E+13,4.60794E+13,4.70261E+13,4.45153E+13,4.54894E+13
French Polynesia,PYF,GDP (current US$),NY.GDP.MKTP.CD,3267367610,3558215110,3694600400,3522272321,3982374846,3954696874,3567062512,3775160797,3797016069,3447543138,,,,,,,,,,,,,,,,
Qatar,QAT,GDP (current US$),NY.GDP.MKTP.CD,6883516484,7646153984,7156593654,7374450769,8137911978,9059340385,11297802115,10255495027,12393131868,17759890110,17538461538,19363736264,23533791209,31734065934,44530494505,60882142857,79712087912,1.1527E+11,97798351648,1.25122E+11,1.67775E+11,1.86834E+11,1.98728E+11,2.06225E+11,1.6174E+11,1.51732E+11
Romania,ROU,GDP (current US$),NY.GDP.MKTP.CD,28998684211,25121666667,26362894737,30074440483,37435317265,36937074278,35574916295,41694118973,35952781582,37253259017,40394824679,46066101951,57806506024,74972669057,98452791983,1.22023E+11,1.74585E+11,2.14314E+11,1.74104E+11,1.66225E+11,1.83443E+11,1.71196E+11,1.90949E+11,1.99627E+11,1.77893E+11,1.88494E+11
Russian Federation,RUS,GDP (current US$),NY.GDP.MKTP.CD,5.17963E+11,4.60291E+11,4.35084E+11,3.95077E+11,3.95537E+11,3.91725E+11,4.04929E+11,2.70955E+11,1.95907E+11,2.5971E+11,3.06602E+11,3.4547E+11,4.30348E+11,5.91017E+11,7.64017E+11,9.89931E+11,1.29971E+12,1.66085E+12,1.22264E+12,1.52492E+12,2.04593E+12,2.2083E+12,2.29247E+12,2.05924E+12,1.36348E+12,1.27679E+12
Rwanda,RWA,GDP (current US$),NY.GDP.MKTP.CD,1911600970,2029026704,1971525999,753636370.5,1293535011,1382334879,1851558302,1989343495,1817654508,1734938652,1674685248,1677552332,1846198771,2088961969,2581313486,3330198838,4083515097,5198063011,5694132466,6147525367,6912074082,7687521844,7851127992,8279481015,8582588883,8734161828
South Asia,SAS,GDP (current US$),NY.GDP.MKTP.CD,3.62272E+11,3.84744E+11,3.81109E+11,4.32336E+11,4.79862E+11,5.24983E+11,5.50726E+11,5.58438E+11,5.98344E+11,6.30429E+11,6.4587E+11,6.77627E+11,7.91003E+11,9.17089E+11,1.05059E+12,1.19609E+12,1.50419E+12,1.52747E+12,1.68346E+12,2.06078E+12,2.27184E+12,2.29733E+12,2.35713E+12,2.58182E+12,2.69726E+12,2.92436E+12
Saudi Arabia,SAU,GDP (current US$),NY.GDP.MKTP.CD,1.32223E+11,1.37088E+11,1.32968E+11,1.35175E+11,1.43343E+11,1.58662E+11,1.65964E+11,1.46775E+11,1.61717E+11,1.89515E+11,1.84137E+11,1.89606E+11,2.15808E+11,2.58742E+11,3.2846E+11,3.769E+11,4.15965E+11,5.19797E+11,4.29098E+11,5.28207E+11,6.71239E+11,7.35975E+11,7.46647E+11,7.5635E+11,6.5427E+11,6.44936E+11
Sudan,SDN,GDP (current US$),NY.GDP.MKTP.CD,11379222222,7034219713,8881785938,12794192334,13829744879,9018243044,11681494637,11250327988,10682045258,12257418326,13182979784,14803189093,17646503525,21457470203,26524538566,35822408612,45898948564,54526580232,49957202646,61739815527,57891984840,52766720139,57730424385,64941775065,74294471279,51772232495
Senegal,SEN,GDP (current US$),NY.GDP.MKTP.CD,7111252866,7602005274,7189226453,4908415369,6176312552,6413189839,5915250258,6368265194,6512207622,5924239701,6174898370,6752510283,8683229268,10167441854,11022821632,11847848225,14285970085,16949789465,16248212852,16230887978,17902207622,17824398469,18965572150,19797254643,17774766636,19040312815
Singapore,SGP,GDP (current US$),NY.GDP.MKTP.CD,45466164978,52130263966,60603478153,73690847191,87810991957,96295886525,1.00124E+11,85728310229,86284660767,96074477958,89794943350,92537752709,97645448284,1.15035E+11,1.27808E+11,1.4863E+11,1.80942E+11,1.93612E+11,1.94152E+11,2.39809E+11,2.79351E+11,2.95087E+11,3.07576E+11,3.14851E+11,3.08004E+11,3.18652E+11
Solomon Islands,SLB,GDP (current US$),NY.GDP.MKTP.CD,320355090.6,378778047.2,410923236.2,464756638.5,519334096.7,565163750.6,567919502.8,471177008.1,482214092.3,435103853.5,400463452.1,341661643.6,332738245.9,375111894.9,413909879.3,456705434,516074229,608229326.7,597765363.1,681151193.5,932725583.3,1063879446,1129787198,1172268301,1154650069,1230459714
Sierra Leone,SLE,GDP (current US$),NY.GDP.MKTP.CD,779981458.9,679997997.6,768812334.8,911915970.7,870758739.4,941742152.7,850218033.6,672375927.3,669384768.9,635874002.2,1090467712,1253340520,1385810072,1448536631,1650494367,1885112202,2158496873,2505458705,2453899847,2578026297,2942546781,3801862611,4920343195,5015157816,4218723875,3674794530
El Salvador,SLV,GDP (current US$),NY.GDP.MKTP.CD,5252342400,5813399300,6680269200,7679384000,8921947100,9586327800,10221705900,10936669900,11284197000,11784927700,12282533600,12664190300,13243892200,13724810900,14698001400,15999886400,17011750900,17986890000,17601620000,18448000000,20284000000,21386000000,21990970000,22593480000,23438240000,24191440000
San Marino,SMR,GDP (current US$),NY.GDP.MKTP.CD,,,,,,,,,1109098658,1005159388,1077413479,1168269231,1464326161,1723750000,1785847531,1908167106,2185874624,2393437820,2056126702,1881214371,1813752784,1604779648,1678841812,1673973695,1419061356,1468895284
Somalia,SOM,GDP (current US$),NY.GDP.MKTP.CD,,,,,,,,,,,,,,,,,,,,,,,,,,
Serbia,SRB,GDP (current US$),NY.GDP.MKTP.CD,,,,,16832627119,21818026071,25676504913,19457979423,19388672126,6875844403,12960538724,17120906918,22482365322,26141969874,27683225959,32482070360,43170990616,52194221469,45162894381,41819468692,49258136129,43309252921,48394238300,47062205547,39628549950,40630392019
Sub-Saharan Africa (excluding high income),SSA,GDP (current US$),NY.GDP.MKTP.CD,3.4188E+11,3.36905E+11,3.13558E+11,3.08226E+11,3.5353E+11,3.65229E+11,3.79842E+11,3.66437E+11,3.70539E+11,3.94604E+11,3.76495E+11,4.10632E+11,5.14843E+11,6.41591E+11,7.62768E+11,9.07329E+11,1.05364E+12,1.20783E+12,1.15123E+12,1.36975E+12,1.54618E+12,1.62214E+12,1.73088E+12,1.8128E+12,1.65278E+12,1.52445E+12
South Sudan,SSD,GDP (current US$),NY.GDP.MKTP.CD,,,,,,,,,,,,,,,,,,14586253383,12231264525,14602072411,14907308933,11931472169,18426469017,13962212847,11997800760,
Sub-Saharan Africa,SSF,GDP (current US$),NY.GDP.MKTP.CD,3.45108E+11,3.40569E+11,3.17306E+11,3.12287E+11,3.58096E+11,3.70175E+11,3.84608E+11,3.71234E+11,3.75526E+11,3.99904E+11,3.81754E+11,4.16194E+11,5.21389E+11,6.49029E+11,7.70181E+11,9.15371E+11,1.06281E+12,1.21878E+12,1.1612E+12,1.38072E+12,1.55876E+12,1.63487E+12,1.74434E+12,1.82695E+12,1.66585E+12,1.53812E+12
Small states,SST,GDP (current US$),NY.GDP.MKTP.CD,76623338234,81567260637,80393122063,84451123152,95555782919,1.01641E+11,1.08855E+11,1.08683E+11,1.16566E+11,1.28944E+11,1.29445E+11,1.38531E+11,1.65664E+11,1.99445E+11,2.37638E+11,2.75591E+11,3.30822E+11,3.98318E+11,3.41114E+11,3.91953E+11,4.73004E+11,4.93117E+11,5.12604E+11,5.28793E+11,4.51053E+11,4.43426E+11
Sao Tome and Principe,STP,GDP (current US$),NY.GDP.MKTP.CD,,,,,,,,,,,75951210.69,85171308.17,102085583.5,114582561.6,136450274.7,142775597.3,149146423.1,188021190.6,187820464.6,197454066.8,233213982.9,252560781.2,302924710,348941715.8,318266475.3,347544772
Suriname,SUR,GDP (current US$),NY.GDP.MKTP.CD,448100000,404600000,428764705.9,605492537.3,691590497.7,861411471.3,926422500,1110850000,886290697.7,947671969.7,834279357.8,1093574468,1274190311,1484092538,1793388732,2626380435,2936612022,3532969035,3875409836,4368398048,4422276622,4980000000,5145757576,5240606061,4787367928,3128953537
Slovak Republic,SVK,GDP (current US$),NY.GDP.MKTP.CD,14272201508,15495514426,16520676622,20162935817,25840146405,27925036755,27706028096,29856000671,30453383763,29169953013,30752150336,35130340674,46816589165,57332015148,62785305310,70708098106,86454081577,1.0047E+11,89046289247,90183986822,98997521242,94416582465,98723944144,1.01171E+11,88457167724,89640616271
Slovenia,SVN,GDP (current US$),NY.GDP.MKTP.CD,13263688696,13101056604,13258920423,15049621395,21352223817,21507233003,20763101591,22146232112,22711383652,20289627637,20876309576,23489889975,29634713063,34414784504,36206396344,39481044913,48006373118,55552508715,50368056543,48161250935,51516367350,46580457470,48401896410,49930685013,43090173062,44651537260
Sweden,SWE,GDP (current US$),NY.GDP.MKTP.CD,2.74229E+11,2.84321E+11,2.12953E+11,2.29034E+11,2.67306E+11,2.91744E+11,2.68146E+11,2.70809E+11,2.74072E+11,2.62835E+11,2.42396E+11,2.66849E+11,3.34337E+11,3.85118E+11,3.92218E+11,4.23093E+11,4.91253E+11,5.17706E+11,4.36537E+11,4.95813E+11,5.74094E+11,5.52484E+11,5.86842E+11,5.81964E+11,5.05104E+11,5.15655E+11
Eswatini,SWZ,GDP (current US$),NY.GDP.MKTP.CD,1156141998,1284766234,1357206996,1419293455,1698982438,1602760100,1716699913,1576904292,1547884442,1738100853,1542477355,1432228173,2197612767,2770082822,3178126555,3291353806,3469363925,3294093364,3580417161,4438778547,4820499497,4886658806,4597702903,4422304975,4073390990,3840677845
Sint Maarten (Dutch part),SXM,GDP (current US$),NY.GDP.MKTP.CD,,,,,,,,,,,,,,,,,,,,,,,,,,
Seychelles,SYC,GDP (current US$),NY.GDP.MKTP.CD,374359556.1,433667193.8,473916819.5,486451204.6,508221508.2,503068472.2,562958836.5,608369282.2,622985493.7,614879764.8,622262057.2,697518248.2,705704816,839319927.3,919103254.5,1016418229,1033561654,967199594,847397850.1,969936525.3,1065826670,1060226126,1328157609,1343007841,1377495052,1426651766
Syrian Arab Republic,SYR,GDP (current US$),NY.GDP.MKTP.CD,12981833333,13253565899,13695962019,10122020000,11396706587,13789560878,14505233969,15200846138,15873875969,19325894913,21099833784,21582248882,21828144686,25086930693,28858965517,33332844575,40405006007,,,,,,,,,
Turks and Caicos Islands,TCA,GDP (current US$),NY.GDP.MKTP.CD,,,,,,,,,,,358744800,366707910,409753640,485598810,578645760,721891470,773489740,862683630,703175750,686787810,728789570,715722770,740776770,823968140,893501650,950357510
Chad,TCD,GDP (current US$),NY.GDP.MKTP.CD,1877138042,1881847677,1463251055,1179837955,1445919970,1607345450,1544689503,1744794457,1534673583,1385058162,1709347793,1987622279,2736666516,4414929220,6646663561,7422102656,8638711443,10351932604,9253484108,10668102735,12172309523,12367363678,12953535496,13940768066,10950392220,10097778354
East Asia & Pacific (IDA & IBRD countries),TEA,GDP (current US$),NY.GDP.MKTP.CD,7.18018E+11,8.04615E+11,8.83339E+11,1.06259E+12,1.3115E+12,1.5064E+12,1.56033E+12,1.4301E+12,1.57312E+12,1.73418E+12,1.84497E+12,2.04197E+12,2.31106E+12,2.67969E+12,3.10388E+12,3.73817E+12,4.72592E+12,5.979E+12,6.48326E+12,7.85935E+12,9.60163E+12,1.07069E+13,1.18127E+13,1.2737E+13,1.3269E+13,1.35497E+13
Europe & Central Asia (IDA & IBRD countries),TEC,GDP (current US$),NY.GDP.MKTP.CD,1.00845E+12,9.44124E+11,9.31157E+11,8.37354E+11,9.24961E+11,9.50673E+11,9.8065E+11,9.47645E+11,8.21101E+11,8.91928E+11,9.07718E+11,1.01992E+12,1.25362E+12,1.62312E+12,2.03252E+12,2.45909E+12,3.16205E+12,3.91488E+12,3.1059E+12,3.64521E+12,4.4286E+12,4.62553E+12,4.90501E+12,4.63966E+12,3.61708E+12,3.4793E+12
Togo,TGO,GDP (current US$),NY.GDP.MKTP.CD,1602299863,1692959110,1233496846,982624324.5,1309382885,1465448290,1498950899,1587345951,1576094566,1488185772,1481141850,1698678686,2111093198,2255942249,2280575830,2349495621,2659095101,3310277927,3365711796,3429461495,3872459250,3873308389,4321655656,4574986537,4180866177,4486979198
Thailand,THA,GDP (current US$),NY.GDP.MKTP.CD,98234695722,1.11453E+11,1.28889E+11,1.46683E+11,1.69279E+11,1.83035E+11,1.50181E+11,1.13676E+11,1.26669E+11,1.26392E+11,1.20296E+11,1.34301E+11,1.52281E+11,1.72896E+11,1.89319E+11,2.21758E+11,2.62942E+11,2.91383E+11,2.8171E+11,3.41105E+11,3.70819E+11,3.97558E+11,4.20333E+11,4.07339E+11,4.01296E+11,4.1343E+11
Tajikistan,TJK,GDP (current US$),NY.GDP.MKTP.CD,2534720480,1909246641,1646693642,1522018436,1231567145,1043654822,921572114.5,1320242081,1086605267,860521119.3,1080768907,1221120799,1555301496,2076182461,2312327536,2830220713,3719506173,5161337336,4979481980,5642178580,6522732203,7633049792,8448469838,9112544556,7854602392,6952678127
Turkmenistan,TKM,GDP (current US$),NY.GDP.MKTP.CD,3208098919,3200539816,3179225949,2561118608,2482228440,2378759975,2450349634,2605688065,2450564468,2904662605,3534803922,4461978499,5977560877,6838351088,8103901996,10276674365,12664165103,19271523179,20214385965,22583157895,29233333333,35164210526,39197543860,43524210526,35799714286,36180000000
Latin America & the Caribbean (IDA & IBRD countries),TLA,GDP (current US$),NY.GDP.MKTP.CD,1.38203E+12,1.30275E+12,1.50473E+12,1.71978E+12,1.83355E+12,1.99298E+12,2.18617E+12,2.19953E+12,1.96818E+12,2.17444E+12,2.11627E+12,1.88219E+12,1.9197E+12,2.22319E+12,2.70706E+12,3.18316E+12,3.76936E+12,4.40282E+12,4.12385E+12,5.15314E+12,5.87896E+12,5.93563E+12,6.08184E+12,6.20003E+12,5.29158E+12,5.15545E+12
Timor-Leste,TLS,GDP (current US$),NY.GDP.MKTP.CD,,,,,,,,,,367085715.7,477454392.4,469459037.8,490397950.8,440730847.4,462259749.5,453793943.5,542793414.5,648490994.3,726880268.1,881825544.2,1054725857,1147780083,1395525350,1447312264,1596658767,1656039024
Middle East & North Africa (IDA & IBRD countries),TMN,GDP (current US$),NY.GDP.MKTP.CD,,,2.89253E+11,2.96191E+11,3.37714E+11,3.92013E+11,4.0237E+11,4.08139E+11,4.31671E+11,4.47432E+11,4.63468E+11,4.50264E+11,5.07966E+11,5.88997E+11,6.94018E+11,8.06943E+11,9.97889E+11,1.23553E+12,1.19138E+12,1.37476E+12,1.55547E+12,1.71764E+12,1.60538E+12,1.5846E+12,1.42283E+12,1.44115E+12
Tonga,TON,GDP (current US$),NY.GDP.MKTP.CD,132201141.4,137066290.6,138489884.4,193775943,202547013.9,219583570.1,212155124.7,188686997.3,196686674.7,202363492.2,181244788.5,182737040.1,202543202,229358214.8,262176133.7,294137737.1,300143056.9,349484427.6,318166562.8,369485198.8,423011844.3,472358251.2,450686353.7,443911052.3,435438217.3,401109307.4
South Asia (IDA & IBRD),TSA,GDP (current US$),NY.GDP.MKTP.CD,3.62272E+11,3.84744E+11,3.81109E+11,4.32336E+11,4.79862E+11,5.24983E+11,5.50726E+11,5.58438E+11,5.98344E+11,6.30429E+11,6.4587E+11,6.77627E+11,7.91003E+11,9.17089E+11,1.05059E+12,1.19609E+12,1.50419E+12,1.52747E+12,1.68346E+12,2.06078E+12,2.27184E+12,2.29733E+12,2.35713E+12,2.58182E+12,2.69726E+12,2.92436E+12
Sub-Saharan Africa (IDA & IBRD countries),TSS,GDP (current US$),NY.GDP.MKTP.CD,3.45108E+11,3.40569E+11,3.17306E+11,3.12287E+11,3.58096E+11,3.70175E+11,3.84608E+11,3.71234E+11,3.75526E+11,3.99904E+11,3.81754E+11,4.16194E+11,5.21389E+11,6.49029E+11,7.70181E+11,9.15371E+11,1.06281E+12,1.21878E+12,1.1612E+12,1.38072E+12,1.55876E+12,1.63487E+12,1.74434E+12,1.82695E+12,1.66585E+12,1.53812E+12
Trinidad and Tobago,TTO,GDP (current US$),NY.GDP.MKTP.CD,5307905882,5439552941,4669488516,4947205860,5329214163,5759537726,5737751332,6043694330,6808982521,8154338233,8824873259,9008273721,11305459802,13280275123,15982282462,18369361094,21641620050,27871587350,19172165226,22157948396,25433011405,25763220107,27268478565,27615843098,25062893969,22284780327
Tunisia,TUN,GDP (current US$),NY.GDP.MKTP.CD,13074782609,15497286296,14608946896,15632463424,18030876599,19587322786,20746360430,21803372267,22943685719,21473188882,22066101341,23142294436,27453084983,31183139301,32273007554,34378437265,38908069299,44856586316,43454935940,44050929160,45810626509,45044112939,46251061734,47632326088,43173480832,41801210428
Turkey,TUR,GDP (current US$),NY.GDP.MKTP.CD,1.50028E+11,1.58459E+11,1.8017E+11,1.3069E+11,1.69486E+11,1.81476E+11,1.89835E+11,2.75769E+11,2.55884E+11,2.72979E+11,2.00252E+11,2.38428E+11,3.11823E+11,4.04787E+11,5.01416E+11,5.52487E+11,6.7577E+11,7.64336E+11,6.4464E+11,7.71902E+11,8.32524E+11,8.73982E+11,9.50579E+11,9.34186E+11,8.59797E+11,8.63722E+11
Tuvalu,TUV,GDP (current US$),NY.GDP.MKTP.CD,9365165.914,9742949.471,9630762.954,10886825.56,11025945.14,12334846.23,12700905.45,12757632.87,13687141.11,13742057.05,13196544.95,15450994.24,18231078.54,21534931.61,21839098.89,22902861.45,27030374.03,30290219.76,27101076.28,31823518.62,38711810.21,37671774.69,37509075.11,37290607.54,35492074.22,36547799.58
Tanzania,TZA,GDP (current US$),NY.GDP.MKTP.CD,4956588279,4601413264,4257702197,4510846968,5255221425,6496195451,7683852497,12270448700,12711213451,13375976354,13581644246,14142035080,15224257698,16675948415,18399046025,18649590248,21843529025,27941177435,29081425282,32014249841,34657139495,39650530214,45680532614,49964788814,47378599025,49774021003
Uganda,UGA,GDP (current US$),NY.GDP.MKTP.CD,3321729057,2857457860,3220439044,3990430447,5755818947,6044585327,6269333313,6584815847,5998563258,6193246837,5840503869,6178563591,6336696289,7940362799,9013834373,9942597780,12292813603,14239026630,24924179656,26457287918,27646526402,27084639297,28681464765,32348119639,32124730771,28967460677
Ukraine,UKR,GDP (current US$),NY.GDP.MKTP.CD,77464561150,73942235330,65648559903,52549555149,48213868178,44558077827,50150399792,41883241472,31580639045,31261527363,37972301335,42351593887,50084197498,64819702952,86057915585,1.07648E+11,1.4258E+11,1.79817E+11,1.17113E+11,1.36013E+11,1.6316E+11,1.75781E+11,1.8331E+11,1.33503E+11,91030959455,93355993629
Upper middle income,UMC,GDP (current US$),NY.GDP.MKTP.CD,2.99217E+12,2.93049E+12,3.19915E+12,3.4935E+12,3.91421E+12,4.27484E+12,4.53859E+12,4.3626E+12,4.17644E+12,4.61137E+12,4.66506E+12,4.70575E+12,5.28134E+12,6.30969E+12,7.56618E+12,9.02222E+12,1.11906E+13,1.36639E+13,1.32577E+13,1.62169E+13,1.93954E+13,2.07804E+13,2.20226E+13,2.27229E+13,2.13447E+13,2.13305E+13
Uruguay,URY,GDP (current US$),NY.GDP.MKTP.CD,11205971155,12878199881,15002106518,17474647792,19297663097,20515543039,23969823010,25385928198,23983945191,22823255802,20898788417,13606494599,12045631093,13686329890,17362857684,19579457966,23410572634,30366213119,31660911277,40284481652,47962439304,51264390116,57531233351,57236013086,53274304222,52687612262
United States,USA,GDP (current US$),NY.GDP.MKTP.CD,6.15813E+12,6.52033E+12,6.85856E+12,7.28724E+12,7.63975E+12,8.07312E+12,8.57755E+12,9.06282E+12,9.63066E+12,1.02523E+13,1.05818E+13,1.09364E+13,1.14582E+13,1.22137E+13,1.30366E+13,1.38146E+13,1.44519E+13,1.47128E+13,1.44489E+13,1.49921E+13,1.55426E+13,1.6197E+13,1.67848E+13,1.75217E+13,1.82193E+13,1.87072E+13
Uzbekistan,UZB,GDP (current US$),NY.GDP.MKTP.CD,13677622222,12941297376,13099013836,12899156991,13350468917,13948892216,14744603774,14988971211,17078465982,13760513969,11401421329,9687788513,10134453435,12030023548,14307509839,17330833853,22311393928,29549438884,33689223673,46679875794,56516280748,63628854499,68997168338,76658542757,81847410182,81779012351
St. Vincent and the Grenadines,VCT,GDP (current US$),NY.GDP.MKTP.CD,254829629.6,277954111.1,286307814.8,289438481.5,316008481.5,331489703.7,347770000,373619851.9,390719148.1,396261370.4,430039296.3,461883444.4,481806296.3,521975111.1,550728666.7,610930037,684446259.3,695428851.9,674922481.5,681225925.9,676129629.6,692933333.3,721207407.4,727714814.8,755400000,774429629.6
"Venezuela, RB",VEN,GDP (current US$),NY.GDP.MKTP.CD,53476971831,60401798246,60065011013,58418666667,77407726244,70543211119,85843534589,91331203433,97976886247,1.17141E+11,1.22904E+11,92893587734,83620628582,1.12453E+11,1.4551E+11,1.83478E+11,2.30364E+11,3.15953E+11,3.29788E+11,3.93192E+11,3.16482E+11,3.81286E+11,3.71005E+11,4.82359E+11,,
British Virgin Islands,VGB,GDP (current US$),NY.GDP.MKTP.CD,,,,,,,,,,,,,,,,,,,,,,,,,,
Virgin Islands (U.S.),VIR,GDP (current US$),NY.GDP.MKTP.CD,,,,,,,,,,,,3269000000,3453000000,3799000000,4439000000,4504000000,4803000000,4250000000,4203000000,4339000000,4239000000,4095000000,3762000000,3622000000,3748000000,3863000000
Vietnam,VNM,GDP (current US$),NY.GDP.MKTP.CD,9613369520,9866990236,13180953598,16286433533,20736164459,24657470575,26843700442,27209602050,28683659007,31172518403,32685198735,35064105501,39552513316,45427854693,57633255618,66371664817,77414425532,99130304099,1.06015E+11,1.15932E+11,1.35539E+11,1.5582E+11,1.71222E+11,1.86205E+11,1.93241E+11,2.05276E+11
Vanuatu,VUT,GDP (current US$),NY.GDP.MKTP.CD,188869985.7,196142585,188080374.4,219260341.1,233902114.9,245177633.2,255890221.8,262301252.8,267999225.3,272014693.1,257926881.7,262603781.8,314463144,364996869.1,394962552.3,439376794.1,526428309.9,607958616.1,610066628.7,700804286.2,792149700.7,781702874.1,801787555.9,814954307,759689950.9,804332795.6
World,WLD,GDP (current US$),NY.GDP.MKTP.CD,2.39666E+13,2.54529E+13,2.58579E+13,2.77707E+13,3.08866E+13,3.15726E+13,3.14581E+13,3.13933E+13,3.25618E+13,3.36186E+13,3.34266E+13,3.47098E+13,3.89448E+13,4.38671E+13,4.75172E+13,5.1502E+13,5.80315E+13,6.36756E+13,6.03955E+13,6.61131E+13,7.34483E+13,7.5146E+13,7.7302E+13,7.94508E+13,7.51988E+13,7.63358E+13
Samoa,WSM,GDP (current US$),NY.GDP.MKTP.CD,125597205.4,132303041.4,133122897.2,221098106.5,224865731.4,249908970.7,285475591.9,269481523.2,258833766.6,269019710.3,273088357.2,288078881.4,338838639.4,420320176.4,465568018.3,505832439.8,570469196.7,619260721.6,584706020.2,663161517.9,737401692.2,760549587.1,770021664,756919917.3,788307330.6,799376439.5
Kosovo,XKX,GDP (current US$),NY.GDP.MKTP.CD,,,,,,,,,,1849196082,2535333632,2406270658,2790455728,3556757429,3663101604,3846819721,4655899261,5687417607,5653792720,5835874321,6701698218,6499807272,7074777527,7396705195,6442915788,6719172017
"Yemen, Rep.",YEM,GDP (current US$),NY.GDP.MKTP.CD,5930370370,6463649985,5368270615,4167356037,4258788725,5785685311,6838557384,6325141676,7641102523,9652436180,9861560095,10694628092,11777966673,13872791659,16746344766,19061978586,21650532264,26910851362,25130274124,30906749533,32726417212,35401341663,40415235702,43206469767,36976204506,28084676409
South Africa,ZAF,GDP (current US$),NY.GDP.MKTP.CD,1.23943E+11,1.34545E+11,1.34308E+11,1.39753E+11,1.55461E+11,1.47606E+11,1.52587E+11,1.37775E+11,1.36632E+11,1.36361E+11,1.21515E+11,1.15482E+11,1.75257E+11,2.2859E+11,2.57773E+11,2.71638E+11,2.99416E+11,2.8677E+11,2.95936E+11,3.75349E+11,4.16419E+11,3.96333E+11,3.66829E+11,3.50905E+11,3.17621E+11,2.96357E+11
Zambia,ZMB,GDP (current US$),NY.GDP.MKTP.CD,3378882353,3181921788,3273237853,3656647744,3807067122,3597220962,4303281932,3537683046,3404311977,3600683040,4094480988,4193845678,4901839731,6221077675,8331870169,12756858899,14056957976,17910858638,15328342304,20265559484,23459515276,25503060420,28045512871,27150646909,21243347377,20954761767
Zimbabwe,ZWE,GDP (current US$),NY.GDP.MKTP.CD,8641481700,6751472200,6563813300,6890675000,7111270700,8553146600,8529571600,6401968200,6858013100,6689957600,6777384700,6342116400,5727591800,5805598400,5755215200,5443896500,5291950100,4415702800,9665793300,12041655200,14101920300,17114849900,19091020000,19495519600,19963120600,20548678100
